time_ns,winc,rinc,wFull,rEmpty,wHalfFull,rHalfEmpty,error_flag,wData,rData,w_count,r_count
0,0,0,0,1,0,1,0,0,0,0,0
1000,0,1,0,1,0,1,0,0,0,0,0
1020,1,0,0,1,0,1,0,115,0,1,0
1032,1,0,0,1,0,1,0,19,0,2,0
1044,0,0,0,1,0,1,0,19,0,2,0
1056,1,0,0,1,0,1,0,27,0,3,0
1068,0,0,0,1,0,1,0,27,0,3,0
1070,0,0,0,0,0,1,0,27,0,3,0
1080,0,1,0,0,0,1,0,27,0,3,0
1090,0,1,0,0,0,1,0,27,1,3,0
1100,0,1,0,0,0,1,0,27,1,3,1
1110,0,1,0,0,0,1,0,27,0,3,1
1116,1,1,0,0,0,1,0,225,0,4,1
1120,1,0,0,0,0,1,0,225,0,4,2
1128,1,0,0,0,0,1,0,148,0,5,2
1140,1,1,0,0,0,1,0,93,0,6,2
1150,1,1,0,1,0,1,0,93,1,6,2
1152,1,1,0,1,0,1,0,138,1,7,2
1164,1,1,0,1,0,1,0,218,1,8,2
1170,1,1,0,0,0,1,0,218,1,8,2
1176,0,1,0,0,0,1,0,218,1,8,2
1180,0,1,0,0,0,1,0,218,1,8,3
1188,1,1,0,0,0,1,0,246,1,9,3
1190,1,1,0,0,0,1,0,246,1,9,3
1200,0,0,0,0,0,1,0,246,1,9,4
1220,0,1,0,0,0,1,0,246,1,9,4
1230,0,1,0,0,0,1,0,246,0,9,4
1236,1,1,0,0,0,1,0,140,0,10,4
1240,1,1,0,0,0,1,0,140,0,10,5
1248,1,1,0,0,0,1,0,235,0,11,5
1250,1,1,0,0,0,1,0,235,0,11,5
1260,1,1,0,0,0,1,0,228,0,12,6
1270,1,1,0,0,0,1,0,228,1,12,6
1272,1,1,0,0,0,1,0,35,1,13,6
1280,1,0,0,0,0,1,0,35,1,13,7
1284,0,0,0,0,0,1,0,35,1,13,7
1296,1,0,0,0,0,1,0,201,1,14,7
1308,1,0,0,0,0,1,0,78,1,15,7
1320,0,0,0,0,0,1,0,78,1,15,7
1332,1,0,0,0,0,1,0,125,1,16,7
1344,0,0,0,0,0,1,0,125,1,16,7
1360,0,1,0,0,0,1,0,125,1,16,7
1380,1,0,0,0,0,1,0,91,1,17,8
1392,0,0,0,0,0,1,0,91,1,17,8
1400,0,1,0,0,0,1,0,91,1,17,8
1410,0,1,0,0,0,1,0,91,1,17,8
1420,0,1,0,0,0,1,0,91,1,17,9
1428,1,1,0,0,0,1,0,209,1,18,9
1430,1,1,0,0,0,1,0,209,0,18,9
1440,1,0,0,0,0,1,0,147,0,19,10
1452,0,0,0,0,0,1,0,147,0,19,10
1476,1,0,0,0,0,1,0,208,0,20,10
1480,1,1,0,0,0,1,0,208,0,20,10
1488,0,1,0,0,0,1,0,208,0,20,10
1490,0,1,0,0,0,1,0,208,1,20,10
1500,0,1,0,0,0,1,0,208,1,20,11
1510,0,1,0,0,0,1,0,208,0,20,11
1520,0,0,0,0,0,1,0,208,0,20,12
1524,1,0,0,0,0,1,0,36,0,21,12
1536,1,0,0,0,0,1,0,93,0,22,12
1540,1,1,0,0,0,1,0,93,0,22,12
1548,0,1,0,0,0,1,0,93,0,22,12
1550,0,1,0,0,0,1,0,93,0,22,12
1560,1,1,0,0,0,1,0,108,0,23,13
1570,1,1,0,0,0,1,0,108,1,23,13
1572,0,1,0,0,0,1,0,108,1,23,13
1580,0,1,0,0,0,1,0,108,1,23,14
1590,0,1,0,0,0,1,0,108,0,23,14
1600,0,0,0,0,0,1,0,108,0,23,15
1620,1,0,0,0,0,1,0,90,0,24,15
1632,1,0,0,0,0,1,0,2,0,25,15
1644,0,0,0,0,0,1,0,2,0,25,15
1680,1,1,0,0,0,1,0,88,0,26,15
1690,1,1,0,0,0,1,0,88,1,26,15
1692,1,1,0,0,0,1,0,155,1,27,15
1700,1,1,0,0,0,1,0,155,1,27,16
1704,1,1,0,0,0,1,0,200,1,28,16
1710,1,1,0,0,0,1,0,200,0,28,16
1716,0,1,0,0,0,1,0,200,0,28,16
1720,0,1,0,0,0,1,0,200,0,28,17
1730,0,1,0,0,0,1,0,200,1,28,17
1740,1,0,0,0,0,1,0,97,1,29,18
1752,0,0,0,0,0,1,0,97,1,29,18
1764,1,0,0,0,0,1,0,128,1,30,18
1776,0,0,0,0,0,1,0,128,1,30,18
1780,0,1,0,0,0,1,0,128,1,30,18
1788,1,1,0,0,0,1,0,193,1,31,18
1790,1,1,0,0,0,1,0,193,0,31,18
1800,0,1,0,0,0,1,0,193,0,31,19
1810,0,1,0,0,0,1,0,193,1,31,19
1812,1,1,0,0,0,1,0,46,1,32,19
1820,1,1,0,0,0,1,0,46,1,32,20
1824,0,1,0,0,0,1,0,46,1,32,20
1830,0,1,0,0,0,1,0,46,0,32,20
1840,0,0,0,0,0,1,0,46,0,32,21
1860,1,0,0,0,0,1,0,97,0,33,21
1872,0,0,0,0,0,1,0,97,0,33,21
1884,1,0,0,0,0,1,0,237,0,34,21
1896,0,0,0,0,0,1,0,237,0,34,21
1908,1,0,0,0,0,1,0,220,0,35,21
1920,1,1,0,0,0,1,0,148,0,36,21
1930,1,1,0,0,0,1,0,148,1,36,21
1932,1,1,0,0,0,1,0,222,1,37,21
1940,1,1,0,0,0,1,0,222,1,37,22
1944,0,1,0,0,0,1,0,222,1,37,22
1950,0,1,0,0,0,1,0,222,1,37,22
1956,1,1,0,0,0,1,0,229,1,38,22
1960,1,1,0,0,0,1,0,229,1,38,23
1968,0,1,0,0,0,1,0,229,1,38,23
1970,0,1,0,0,0,1,0,229,0,38,23
1980,1,0,0,0,0,1,0,250,0,39,24
1992,1,0,0,0,0,1,0,95,0,40,24
2004,1,0,0,0,0,1,0,10,0,41,24
2016,0,0,0,0,0,1,0,10,0,41,24
2040,1,1,0,0,0,1,0,17,0,42,24
2052,1,1,0,0,0,1,0,110,0,43,24
2060,1,0,0,0,0,1,0,110,0,43,25
2064,1,0,0,0,0,1,0,122,0,44,25
2076,1,0,0,0,0,1,0,51,0,45,25
2088,1,0,0,0,0,1,0,134,0,46,25
2100,1,0,0,0,0,1,0,131,0,47,25
2112,0,0,0,0,0,1,0,131,0,47,25
2136,1,0,0,0,0,1,0,214,0,48,25
2140,1,1,0,0,0,1,0,214,0,48,25
2148,0,1,0,0,0,1,0,214,0,48,25
2150,0,1,0,0,0,1,0,214,1,48,25
2160,1,0,0,0,0,1,0,7,1,49,26
2172,0,0,0,0,0,1,0,7,1,49,26
2180,0,1,0,0,0,1,0,7,1,49,26
2184,1,1,0,0,0,1,0,170,1,50,26
2190,1,1,0,0,0,1,0,170,1,50,26
2196,1,1,0,0,0,1,0,77,1,51,26
2200,1,1,0,0,0,1,0,77,1,51,27
2208,1,1,0,0,0,1,0,168,1,52,27
2210,1,1,0,0,0,1,0,168,1,52,27
2220,1,1,0,0,0,1,0,48,1,53,28
2230,1,1,0,0,0,1,0,48,0,53,28
2232,1,1,0,0,0,1,0,92,0,54,28
2240,1,0,0,0,0,1,0,92,0,54,29
2244,0,0,0,0,0,1,0,92,0,54,29
2280,1,0,0,0,0,1,0,175,0,55,29
2292,1,0,0,0,0,1,0,106,0,56,29
2304,0,0,0,0,0,1,0,106,0,56,29
2316,1,0,0,0,0,1,0,65,0,57,29
2320,1,1,0,0,0,1,0,65,0,57,29
2328,0,1,0,0,0,1,0,65,0,57,29
2330,0,1,0,0,0,1,0,65,1,57,29
2340,1,0,0,0,0,1,0,58,1,58,30
2352,1,0,0,0,0,1,0,136,1,59,30
2364,1,0,0,0,0,1,0,170,1,60,30
2376,0,0,0,0,0,1,0,170,1,60,30
2412,1,0,0,0,0,1,0,53,1,61,30
2420,1,1,0,0,0,1,0,53,1,61,30
2424,1,1,0,0,0,1,0,240,1,62,30
2430,1,1,0,0,1,1,0,240,1,62,30
2436,1,1,0,0,1,1,0,129,1,63,30
2440,1,0,0,0,1,1,0,129,1,63,31
2448,1,0,0,0,1,1,0,214,1,64,31
2460,1,1,0,0,1,1,0,100,1,65,31
2470,1,1,0,0,1,1,0,100,0,65,31
2472,0,1,0,0,1,1,0,100,0,65,31
2480,0,0,0,0,1,1,0,100,0,65,32
2484,1,0,0,0,1,1,0,237,0,66,32
2490,1,0,0,0,1,0,0,237,0,66,32
2496,0,0,0,0,1,0,0,237,0,66,32
2508,1,0,0,0,1,0,0,184,0,67,32
2520,1,1,0,0,1,0,0,44,0,68,32
2530,1,1,0,0,1,0,0,44,1,68,32
2532,1,1,0,0,1,0,0,221,1,69,32
2540,1,1,0,0,1,0,0,221,1,69,33
2544,1,1,0,0,1,0,0,17,1,70,33
2550,1,1,0,0,1,0,0,17,1,70,33
2556,0,1,0,0,1,0,0,17,1,70,33
2560,0,0,0,0,1,0,0,17,1,70,34
2568,1,0,0,0,1,0,0,93,1,71,34
2580,0,0,0,0,1,0,0,93,1,71,34
2592,1,0,0,0,1,0,0,146,1,72,34
2600,1,1,0,0,1,0,0,146,1,72,34
2604,0,1,0,0,1,0,0,146,1,72,34
2610,0,1,0,0,1,0,0,146,0,72,34
2616,1,1,0,0,1,0,0,4,0,73,34
2620,1,1,0,0,1,0,0,4,0,73,35
2628,1,1,0,0,1,0,0,197,0,74,35
2640,0,1,0,0,1,0,0,197,0,74,36
2650,0,1,0,0,1,0,0,197,1,74,36
2660,0,1,0,0,1,0,0,197,1,74,37
2664,1,1,0,0,1,0,0,7,1,75,37
2670,1,1,0,0,1,0,0,7,1,75,37
2676,1,1,0,0,1,0,0,140,1,76,37
2680,1,0,0,0,1,0,0,140,1,76,38
2688,0,0,0,0,1,0,0,140,1,76,38
2700,1,0,0,0,1,0,0,123,1,77,38
2712,1,0,0,0,1,0,0,223,1,78,38
2724,0,0,0,0,1,0,0,223,1,78,38
2736,1,0,0,0,1,0,0,33,1,79,38
2748,0,0,0,0,1,0,0,33,1,79,38
2760,1,1,0,0,1,0,0,209,1,80,38
2770,1,1,0,0,1,0,0,209,1,80,38
2772,0,1,0,0,1,0,0,209,1,80,38
2780,0,0,0,0,1,0,0,209,1,80,39
2784,1,0,0,0,1,0,0,98,1,81,39
2796,0,0,0,0,1,0,0,98,1,81,39
2800,0,1,0,0,1,0,0,98,1,81,39
2808,1,1,0,0,1,0,0,161,1,82,39
2810,1,1,0,0,1,0,0,161,0,82,39
2820,0,0,0,0,1,0,0,161,0,82,40
2832,1,0,0,0,1,0,0,132,0,83,40
2844,0,0,0,0,1,0,0,132,0,83,40
2860,0,1,0,0,1,0,0,132,0,83,40
2868,1,1,0,0,1,0,0,65,0,84,40
2880,1,0,0,0,1,0,0,152,0,85,41
2892,1,0,0,0,1,0,0,198,0,86,41
2904,0,0,0,0,1,0,0,198,0,86,41
2916,1,0,0,0,1,0,0,62,0,87,41
2920,1,1,0,0,1,0,0,62,0,87,41
2928,0,1,0,0,1,0,0,62,0,87,41
2930,0,1,0,0,1,0,0,62,1,87,41
2940,1,1,0,0,1,0,0,160,1,88,42
2950,1,1,0,0,1,0,0,160,1,88,42
2952,1,1,0,0,1,0,0,189,1,89,42
2960,1,1,0,0,1,0,0,189,1,89,43
2964,0,1,0,0,1,0,0,189,1,89,43
2970,0,1,0,0,1,0,0,189,1,89,43
2976,1,1,0,0,1,0,0,169,1,90,43
2980,1,1,0,0,1,0,0,169,1,90,44
2988,1,1,0,0,1,0,0,241,1,91,44
2990,1,1,0,0,1,0,0,241,0,91,44
3000,1,0,0,0,1,0,0,218,0,92,45
3012,0,0,0,0,1,0,0,218,0,92,45
3020,0,1,0,0,1,0,0,218,0,92,45
3030,0,1,0,0,1,0,0,218,1,92,45
3036,1,1,0,0,1,0,0,197,1,93,45
3040,1,1,0,0,1,0,0,197,1,93,46
3048,1,1,0,0,1,0,0,152,1,94,46
3050,1,1,0,0,1,0,0,152,0,94,46
3060,0,1,0,0,1,0,0,152,0,94,47
3070,0,1,0,0,1,0,0,152,1,94,47
3072,1,1,0,0,1,0,0,112,1,95,47
3080,1,0,0,0,1,0,0,112,1,95,48
3084,1,0,0,0,1,0,0,172,1,96,48
3096,1,0,0,0,1,0,0,193,1,97,48
3108,1,0,0,0,1,0,0,95,1,98,48
3120,1,0,0,0,1,0,0,68,1,99,48
3132,1,0,0,0,1,0,0,57,1,100,48
3144,0,0,0,0,1,0,0,57,1,100,48
3156,1,0,0,0,1,0,0,52,1,101,48
3168,0,0,0,0,1,0,0,52,1,101,48
3180,0,1,0,0,1,0,0,52,1,101,48
3190,0,1,0,0,1,0,0,52,0,101,48
3200,0,1,0,0,1,0,0,52,0,101,49
3210,0,1,0,0,1,0,0,52,1,101,49
3216,1,1,0,0,1,0,0,172,1,102,49
3220,1,0,0,0,1,0,0,172,1,102,50
3228,1,0,0,0,1,0,0,32,1,103,50
3240,0,1,0,0,1,0,0,32,1,103,50
3250,0,1,0,0,1,0,0,32,0,103,50
3252,1,1,0,0,1,0,0,179,0,104,50
3260,1,0,0,0,1,0,0,179,0,104,51
3264,1,0,0,0,1,0,0,202,0,105,51
3276,0,0,0,0,1,0,0,202,0,105,51
3312,1,0,0,0,1,0,0,19,0,106,51
3324,0,0,0,0,1,0,0,19,0,106,51
3336,1,0,0,0,1,0,0,63,0,107,51
3348,0,0,0,0,1,0,0,63,0,107,51
3360,0,1,0,0,1,0,0,63,0,107,51
3370,0,1,0,0,1,0,0,63,1,107,51
3380,0,1,0,0,1,0,0,63,1,107,52
3384,1,1,0,0,1,0,0,78,1,108,52
3390,1,1,0,0,1,0,0,78,0,108,52
3396,0,1,0,0,1,0,0,78,0,108,52
3400,0,0,0,0,1,0,0,78,0,108,53
3408,1,0,0,0,1,0,0,90,0,109,53
3420,0,1,0,0,1,0,0,90,0,109,53
3430,0,1,0,0,1,0,0,90,1,109,53
3432,1,1,0,0,1,0,0,169,1,110,53
3440,1,0,0,0,1,0,0,169,1,110,54
3444,0,0,0,0,1,0,0,169,1,110,54
3456,1,0,0,0,1,0,0,82,1,111,54
3460,1,1,0,0,1,0,0,82,1,111,54
3468,0,1,0,0,1,0,0,82,1,111,54
3470,0,1,0,0,1,0,0,82,1,111,54
3480,1,1,0,0,1,0,0,37,1,112,55
3490,1,1,0,0,1,0,0,37,0,112,55
3492,1,1,0,0,1,0,0,161,0,113,55
3500,1,0,0,0,1,0,0,161,0,113,56
3504,1,0,0,0,1,0,0,253,0,114,56
3516,1,0,0,0,1,0,0,69,0,115,56
3520,1,1,0,0,1,0,0,69,0,115,56
3528,0,1,0,0,1,0,0,69,0,115,56
3530,0,1,0,0,1,0,0,69,0,115,56
3540,0,1,0,0,1,0,0,69,0,115,57
3550,0,1,0,0,1,0,0,69,0,115,57
3560,0,1,0,0,1,0,0,69,0,115,58
3570,0,1,0,0,1,0,0,69,1,115,58
3576,1,1,0,0,1,0,0,88,1,116,58
3580,1,0,0,0,1,0,0,88,1,116,59
3588,1,0,0,0,1,0,0,61,1,117,59
3600,0,1,0,0,1,0,0,61,1,117,59
3612,1,1,0,0,1,0,0,200,1,118,59
3620,1,0,0,0,1,0,0,200,1,118,60
3624,1,0,0,0,1,0,0,94,1,119,60
3636,1,0,0,0,1,0,0,128,1,120,60
3648,1,0,0,0,1,0,0,252,1,121,60
3660,0,1,0,0,1,0,0,252,1,121,60
3670,0,1,0,0,1,0,0,252,0,121,60
3672,1,1,0,0,1,0,0,115,0,122,60
3680,1,1,0,0,1,0,0,115,0,122,61
3684,0,1,0,0,1,0,0,115,0,122,61
3690,0,1,0,0,1,0,0,115,1,122,61
3700,0,0,0,0,1,0,0,115,1,122,62
3708,1,0,0,0,1,0,0,124,1,123,62
3720,1,0,0,0,1,0,0,21,1,124,62
3732,0,0,0,0,1,0,0,21,1,124,62
3740,0,1,0,0,1,0,0,21,1,124,62
3744,1,1,0,0,1,0,0,80,1,125,62
3750,1,1,0,0,1,0,0,80,0,125,62
3756,1,1,0,0,1,0,0,141,0,126,62
3760,1,0,0,0,1,0,0,141,0,126,63
3762,1,0,1,0,1,0,0,141,0,126,63
3768,0,0,1,0,1,0,0,141,0,126,63
3780,1,1,1,0,1,0,0,141,0,126,63
3786,1,1,0,0,1,0,0,141,0,126,63
3790,1,1,0,0,1,0,0,141,1,126,63
3792,1,1,0,0,1,0,0,40,1,127,63
3798,1,1,1,0,1,0,0,40,1,127,63
3800,1,0,1,0,1,0,0,40,1,127,64
3804,0,0,1,0,1,0,0,40,1,127,64
3816,1,0,1,0,1,0,0,40,1,127,64
3820,1,1,1,0,1,0,0,40,1,127,64
3822,1,1,0,0,1,0,0,40,1,127,64
3828,1,1,0,0,1,0,0,165,1,128,64
3830,1,1,0,0,1,0,0,165,0,128,64
3834,1,1,1,0,1,0,0,165,0,128,64
3840,1,0,1,0,1,0,0,165,0,128,65
3858,1,0,0,0,1,0,0,165,0,128,65
3860,1,1,0,0,1,0,0,165,0,128,65
3864,1,1,0,0,1,0,0,39,0,129,65
3870,1,1,1,0,1,0,0,39,1,129,65
3876,0,1,1,0,1,0,0,39,1,129,65
3880,0,0,1,0,1,0,0,39,1,129,66
3888,1,0,1,0,1,0,0,39,1,129,66
3900,1,1,1,0,1,0,0,39,1,129,66
3906,1,1,0,0,1,0,0,39,1,129,66
3910,1,1,0,0,1,0,0,39,0,129,66
3912,0,1,0,0,1,0,0,39,0,129,66
3920,0,1,0,0,1,0,0,39,0,129,67
3924,1,1,0,0,1,0,0,207,0,130,67
3930,1,1,1,0,1,0,0,207,0,130,67
3936,0,1,1,0,1,0,0,207,0,130,67
3940,0,0,1,0,1,0,0,207,0,130,68
3942,0,0,0,0,1,0,0,207,0,130,68
3960,1,0,0,0,1,0,0,33,0,131,68
3972,0,0,0,0,1,0,0,33,0,131,68
4000,0,1,0,0,1,0,0,33,0,131,68
4010,0,1,0,0,1,0,0,33,1,131,68
4020,0,1,0,0,1,0,0,33,1,131,69
4030,0,1,0,0,1,0,0,33,0,131,69
4032,1,1,0,0,1,0,0,49,0,132,69
4040,1,0,0,0,1,0,0,49,0,132,70
4044,0,0,0,0,1,0,0,49,0,132,70
4056,1,0,0,0,1,0,0,153,0,133,70
4068,0,0,0,0,1,0,0,153,0,133,70
4104,1,0,0,0,1,0,0,247,0,134,70
4110,1,0,1,0,1,0,0,247,0,134,70
4140,0,0,1,0,1,0,0,247,0,134,70
4160,0,1,1,0,1,0,0,247,0,134,70
4164,1,1,1,0,1,0,0,247,0,134,70
4170,1,1,1,0,1,0,0,247,1,134,70
4176,0,1,1,0,1,0,0,247,1,134,70
4180,0,0,1,0,1,0,0,247,1,134,71
4200,1,1,1,0,1,0,0,247,1,134,71
4206,1,1,0,0,1,0,0,247,1,134,71
4210,1,1,0,0,1,0,0,247,1,134,71
4212,1,1,0,0,1,0,0,9,1,135,71
4218,1,1,1,0,1,0,0,9,1,135,71
4220,1,1,1,0,1,0,0,9,1,135,72
4224,0,1,1,0,1,0,0,9,1,135,72
4230,0,1,1,0,1,0,0,9,0,135,72
4240,0,1,1,0,1,0,0,9,0,135,73
4242,0,1,0,0,1,0,0,9,0,135,73
4250,0,1,0,0,1,0,0,9,1,135,73
4260,0,1,0,0,1,0,0,9,1,135,74
4270,0,1,0,0,1,0,0,9,0,135,74
4272,1,1,0,0,1,0,0,94,0,136,74
4280,1,1,0,0,1,0,0,94,0,136,75
4284,1,1,0,0,1,0,0,144,0,137,75
4290,1,1,0,0,1,0,0,144,1,137,75
4296,0,1,0,0,1,0,0,144,1,137,75
4300,0,0,0,0,1,0,0,144,1,137,76
4320,1,0,0,0,1,0,0,225,1,138,76
4332,0,0,0,0,1,0,0,225,1,138,76
4356,1,0,0,0,1,0,0,165,1,139,76
4368,0,0,0,0,1,0,0,165,1,139,76
4380,1,0,0,0,1,0,0,9,1,140,76
4386,1,0,1,0,1,0,0,9,1,140,76
4392,0,0,1,0,1,0,0,9,1,140,76
4420,0,1,1,0,1,0,0,9,1,140,76
4428,1,1,1,0,1,0,0,9,1,140,76
4430,1,1,1,0,1,0,0,9,0,140,76
4440,1,1,1,0,1,0,0,9,0,140,77
4450,1,1,1,0,1,0,0,9,1,140,77
4458,1,1,0,0,1,0,0,9,1,140,77
4460,1,1,0,0,1,0,0,9,1,140,78
4464,1,1,0,0,1,0,0,180,1,141,78
4470,1,1,1,0,1,0,0,180,0,141,78
4476,0,1,1,0,1,0,0,180,0,141,78
4480,0,0,1,0,1,0,0,180,0,141,79
4482,0,0,0,0,1,0,0,180,0,141,79
4488,1,0,0,0,1,0,0,25,0,142,79
4494,1,0,1,0,1,0,0,25,0,142,79
4500,0,0,1,0,1,0,0,25,0,142,79
4506,0,0,0,0,1,0,0,25,0,142,79
4512,1,0,0,0,1,0,0,207,0,143,79
4518,1,0,1,0,1,0,0,207,0,143,79
4536,0,0,1,0,1,0,0,207,0,143,79
4548,1,0,1,0,1,0,0,207,0,143,79
4560,0,1,1,0,1,0,0,207,0,143,79
4570,0,1,1,0,1,0,0,207,1,143,79
4572,1,1,1,0,1,0,0,207,1,143,79
4580,1,0,1,0,1,0,0,207,1,143,80
4584,0,0,1,0,1,0,0,207,1,143,80
4602,0,0,0,0,1,0,0,207,1,143,80
4620,1,1,0,0,1,0,0,147,1,144,80
4626,1,1,1,0,1,0,0,147,1,144,80
4630,1,1,1,0,1,0,0,147,0,144,80
4640,1,0,1,0,1,0,0,147,0,144,81
4644,0,0,1,0,1,0,0,147,0,144,81
4656,1,0,1,0,1,0,0,147,0,144,81
4660,1,1,1,0,1,0,0,147,0,144,81
4662,1,1,0,0,1,0,0,147,0,144,81
4668,0,1,0,0,1,0,0,147,0,144,81
4670,0,1,0,0,1,0,0,147,1,144,81
4680,1,0,0,0,1,0,0,78,1,145,82
4686,1,0,1,0,1,0,0,78,1,145,82
4692,0,0,1,0,1,0,0,78,1,145,82
4698,0,0,0,0,1,0,0,78,1,145,82
4700,0,1,0,0,1,0,0,78,1,145,82
4710,0,1,0,0,1,0,0,78,0,145,82
4720,0,0,0,0,1,0,0,78,0,145,83
4728,1,0,0,0,1,0,0,34,0,146,83
4734,1,0,1,0,1,0,0,34,0,146,83
4746,1,0,0,0,1,0,0,34,0,146,83
4752,1,0,0,0,1,0,0,139,0,147,83
4758,1,0,1,0,1,0,0,139,0,147,83
4760,1,1,1,0,1,0,0,139,0,147,83
4770,1,1,1,0,1,0,0,139,0,147,83
4780,1,0,1,0,1,0,0,139,0,147,84
4800,1,1,1,0,1,0,0,139,0,147,84
4806,1,1,0,0,1,0,0,139,0,147,84
4810,1,1,0,0,1,0,0,139,1,147,84
4812,0,1,0,0,1,0,0,139,1,147,84
4820,0,1,0,0,1,0,0,139,1,147,85
4830,0,1,0,0,1,0,0,139,1,147,85
4840,0,0,0,0,1,0,0,139,1,147,86
4860,1,1,0,0,1,0,0,179,1,148,86
4870,1,1,0,0,1,0,0,179,0,148,86
4872,0,1,0,0,1,0,0,179,0,148,86
4880,0,1,0,0,1,0,0,179,0,148,87
4884,1,1,0,0,1,0,0,107,0,149,87
4890,1,1,0,0,1,0,0,107,1,149,87
4896,0,1,0,0,1,0,0,107,1,149,87
4900,0,0,0,0,1,0,0,107,1,149,88
4932,1,0,0,0,1,0,0,130,1,150,88
4940,1,1,0,0,1,0,0,130,1,150,88
4944,1,1,0,0,1,0,0,243,1,151,88
4956,0,1,0,0,1,0,0,243,1,151,88
4960,0,1,0,0,1,0,0,243,1,151,89
4970,0,1,0,0,1,0,0,243,0,151,89
4980,0,1,0,0,1,0,0,243,0,151,90
4990,0,1,0,0,1,0,0,243,1,151,90
4992,1,1,0,0,1,0,0,231,1,152,90
5000,1,0,0,0,1,0,0,231,1,152,91
5004,1,0,0,0,1,0,0,125,1,153,91
5016,1,0,0,0,1,0,0,174,1,154,91
5020,1,1,0,0,1,0,0,174,1,154,91
5028,1,1,0,0,1,0,0,235,1,155,91
5030,1,1,0,0,1,0,0,235,0,155,91
5034,1,1,1,0,1,0,0,235,0,155,91
5040,1,1,1,0,1,0,0,235,0,155,92
5050,1,1,1,0,1,0,0,235,0,155,92
5058,1,1,0,0,1,0,0,235,0,155,92
5060,1,1,0,0,1,0,0,235,0,155,93
5064,1,1,0,0,1,0,0,210,0,156,93
5070,1,1,1,0,1,0,0,210,0,156,93
5080,1,0,1,0,1,0,0,210,0,156,94
5082,1,0,0,0,1,0,0,210,0,156,94
5088,1,0,0,0,1,0,0,30,0,157,94
5094,1,0,1,0,1,0,0,30,0,157,94
5100,0,1,1,0,1,0,0,30,0,157,94
5106,0,1,0,0,1,0,0,30,0,157,94
5110,0,1,0,0,1,0,0,30,0,157,94
5112,1,1,0,0,1,0,0,181,0,158,94
5118,1,1,1,0,1,0,0,181,0,158,94
5120,1,1,1,0,1,0,0,181,0,158,95
5130,1,1,1,0,1,0,0,181,1,158,95
5140,1,0,1,0,1,0,0,181,1,158,96
5142,1,0,0,0,1,0,0,181,1,158,96
5148,1,0,0,0,1,0,0,230,1,159,96
5154,1,0,1,0,1,0,0,230,1,159,96
5166,1,0,0,0,1,0,0,230,1,159,96
5172,0,0,0,0,1,0,0,230,1,159,96
5200,0,1,0,0,1,0,0,230,1,159,96
5210,0,1,0,0,1,0,0,230,1,159,96
5220,1,1,0,0,1,0,0,194,1,160,97
5226,1,1,1,0,1,0,0,194,1,160,97
5230,1,1,1,0,1,0,0,194,0,160,97
5238,1,1,0,0,1,0,0,194,0,160,97
5240,1,1,0,0,1,0,0,194,0,160,98
5244,1,1,0,0,1,0,0,140,0,161,98
5250,1,1,1,0,1,0,0,140,0,161,98
5256,0,1,1,0,1,0,0,140,0,161,98
5260,0,0,1,0,1,0,0,140,0,161,99
5262,0,0,0,0,1,0,0,140,0,161,99
5280,1,0,0,0,1,0,0,187,0,162,99
5292,0,0,0,0,1,0,0,187,0,162,99
5316,1,0,0,0,1,0,0,3,0,163,99
5322,1,0,1,0,1,0,0,3,0,163,99
5340,0,1,1,0,1,0,0,3,0,163,99
5350,0,1,1,0,1,0,0,3,0,163,99
5360,0,1,1,0,1,0,0,3,0,163,100
5364,1,1,1,0,1,0,0,3,0,163,100
5370,1,1,1,0,1,0,0,3,0,163,100
5380,1,1,1,0,1,0,0,3,0,163,101
5382,1,1,0,0,1,0,0,3,0,163,101
5388,0,1,0,0,1,0,0,3,0,163,101
5390,0,1,0,0,1,0,0,3,1,163,101
5400,0,1,0,0,1,0,0,3,1,163,102
5410,0,1,0,0,1,0,0,3,0,163,102
5420,0,1,0,0,1,0,0,3,0,163,103
5430,0,1,0,0,1,0,0,3,1,163,103
5436,1,1,0,0,1,0,0,13,1,164,103
5440,1,0,0,0,1,0,0,13,1,164,104
5448,0,0,0,0,1,0,0,13,1,164,104
5460,1,1,0,0,1,0,0,114,1,165,104
5470,1,1,0,0,1,0,0,114,1,165,104
5472,0,1,0,0,1,0,0,114,1,165,104
5480,0,1,0,0,1,0,0,114,1,165,105
5484,1,1,0,0,1,0,0,109,1,166,105
5490,1,1,0,0,1,0,0,109,0,166,105
5496,0,1,0,0,1,0,0,109,0,166,105
5500,0,0,0,0,1,0,0,109,0,166,106
5508,1,0,0,0,1,0,0,49,0,167,106
5520,0,1,0,0,1,0,0,49,0,167,106
5530,0,1,0,0,1,0,0,49,1,167,106
5532,1,1,0,0,1,0,0,31,1,168,106
5540,1,1,0,0,1,0,0,31,1,168,107
5544,0,1,0,0,1,0,0,31,1,168,107
5550,0,1,0,0,1,0,0,31,1,168,107
5560,0,1,0,0,1,0,0,31,1,168,108
5568,1,1,0,0,1,0,0,0,1,169,108
5570,1,1,0,0,1,0,0,0,1,169,108
5580,0,1,0,0,1,0,0,0,1,169,109
5590,0,1,0,0,1,0,0,0,1,169,109
5600,0,1,0,0,1,0,0,0,1,169,110
5604,1,1,0,0,1,0,0,118,1,170,110
5610,1,1,0,0,1,0,0,118,0,170,110
5616,1,1,0,0,1,0,0,70,0,171,110
5620,1,1,0,0,1,0,0,70,0,171,111
5628,0,1,0,0,1,0,0,70,0,171,111
5630,0,1,0,0,1,0,0,70,0,171,111
5640,0,1,0,0,1,0,0,70,0,171,112
5650,0,1,0,0,1,0,0,70,1,171,112
5652,1,1,0,0,1,0,0,210,1,172,112
5660,1,1,0,0,1,0,0,210,1,172,113
5664,1,1,0,0,1,0,0,133,1,173,113
5676,0,1,0,0,1,0,0,133,1,173,113
5680,0,0,0,0,1,0,0,133,1,173,114
5688,1,0,0,0,1,0,0,82,1,174,114
5700,1,1,0,0,1,0,0,132,1,175,114
5710,1,1,0,0,1,0,0,132,0,175,114
5712,1,1,0,0,1,0,0,170,0,176,114
5720,1,0,0,0,1,0,0,170,0,176,115
5724,1,0,0,0,1,0,0,158,0,177,115
5736,1,0,0,0,1,0,0,173,0,178,115
5748,0,0,0,0,1,0,0,173,0,178,115
5760,1,1,0,0,1,0,0,232,0,179,115
5766,1,1,1,0,1,0,0,232,0,179,115
5770,1,1,1,0,1,0,0,232,1,179,115
5780,1,0,1,0,1,0,0,232,1,179,116
5802,1,0,0,0,1,0,0,232,1,179,116
5808,0,0,0,0,1,0,0,232,1,179,116
5820,1,1,0,0,1,0,0,102,1,180,116
5826,1,1,1,0,1,0,0,102,1,180,116
5830,1,1,1,0,1,0,0,102,0,180,116
5840,1,1,1,0,1,0,0,102,0,180,117
5844,0,1,1,0,1,0,0,102,0,180,117
5850,0,1,1,0,1,0,0,102,1,180,117
5856,1,1,1,0,1,0,0,102,1,180,117
5860,1,1,1,0,1,0,0,102,1,180,118
5862,1,1,0,0,1,0,0,102,1,180,118
5868,1,1,0,0,1,0,0,131,1,181,118
5870,1,1,0,0,1,0,0,131,0,181,118
5874,1,1,1,0,1,0,0,131,0,181,118
5880,1,1,1,0,1,0,0,131,0,181,119
5886,1,1,0,0,1,0,0,131,0,181,119
5890,1,1,0,0,1,0,0,131,1,181,119
5892,0,1,0,0,1,0,0,131,1,181,119
5900,0,1,0,0,1,0,0,131,1,181,120
5920,0,0,0,0,1,0,0,131,1,181,121
5940,1,1,0,0,1,0,0,79,1,182,121
5950,1,1,0,0,1,0,0,79,0,182,121
5952,1,1,0,0,1,0,0,62,0,183,121
5960,1,0,0,0,1,0,0,62,0,183,122
5964,1,0,0,0,1,0,0,41,0,184,122
5976,1,0,0,0,1,0,0,85,0,185,122
5980,1,1,0,0,1,0,0,85,0,185,122
5988,1,1,0,0,1,0,0,226,0,186,122
5990,1,1,0,0,1,0,0,226,1,186,122
5994,1,1,1,0,1,0,0,226,1,186,122
6000,0,1,1,0,1,0,0,226,1,186,123
6010,0,1,1,0,1,0,0,226,0,186,123
6012,1,1,1,0,1,0,0,226,0,186,123
6018,1,1,0,0,1,0,0,226,0,186,123
6020,1,1,0,0,1,0,0,226,0,186,124
6024,1,1,0,0,1,0,0,193,0,187,124
6030,1,1,1,0,1,0,0,193,1,187,124
6036,0,1,1,0,1,0,0,193,1,187,124
6040,0,0,1,0,1,0,0,193,1,187,125
6042,0,0,0,0,1,0,0,193,1,187,125
6060,1,1,0,0,1,0,0,74,1,188,125
6070,1,1,0,0,1,0,0,74,1,188,125
6072,0,1,0,0,1,0,0,74,1,188,125
6080,0,1,0,0,1,0,0,74,1,188,126
6090,0,1,0,0,1,0,0,74,0,188,126
6096,1,1,0,0,1,0,0,25,0,189,126
6100,1,1,0,0,1,0,0,25,0,189,127
6108,0,1,0,0,1,0,0,25,0,189,127
6110,0,1,0,0,1,0,0,25,1,189,127
6120,1,1,0,0,1,0,0,8,1,190,128
6130,1,1,0,0,1,0,0,8,0,190,128
6132,0,1,0,0,1,0,0,8,0,190,128
6140,0,0,0,0,1,0,0,8,0,190,129
6156,1,0,0,0,1,0,0,199,0,191,129
6160,1,1,0,0,1,0,0,199,0,191,129
6168,0,1,0,0,1,0,0,199,0,191,129
6170,0,1,0,0,1,0,0,199,1,191,129
6180,0,1,0,0,1,0,0,199,1,191,130
6190,0,1,0,0,1,0,0,199,0,191,130
6192,1,1,0,0,1,0,0,177,0,192,130
6200,1,0,0,0,1,0,0,177,0,192,131
6204,1,0,0,0,1,0,0,215,0,193,131
6216,0,0,0,0,1,0,0,215,0,193,131
6264,1,0,0,0,1,0,0,230,0,194,131
6276,1,0,0,0,1,0,0,64,0,195,131
6280,1,1,0,0,1,0,0,64,0,195,131
6282,1,1,1,0,1,0,0,64,0,195,131
6288,0,1,1,0,1,0,0,64,0,195,131
6290,0,1,1,0,1,0,0,64,1,195,131
6300,0,0,1,0,1,0,0,64,1,195,132
6318,0,0,0,0,1,0,0,64,1,195,132
6348,1,0,0,0,1,0,0,88,1,196,132
6354,1,0,1,0,1,0,0,88,1,196,132
6360,0,1,1,0,1,0,0,88,1,196,132
6370,0,1,1,0,1,0,0,88,1,196,132
6380,0,0,1,0,1,0,0,88,1,196,133
6402,0,0,0,0,1,0,0,88,1,196,133
6420,0,1,0,0,1,0,0,88,1,196,133
6430,0,1,0,0,1,0,0,88,1,196,133
6432,1,1,0,0,1,0,0,248,1,197,133
6438,1,1,1,0,1,0,0,248,1,197,133
6440,1,1,1,0,1,0,0,248,1,197,134
6444,0,1,1,0,1,0,0,248,1,197,134
6450,0,1,1,0,1,0,0,248,0,197,134
6460,0,0,1,0,1,0,0,248,0,197,135
6462,0,0,0,0,1,0,0,248,0,197,135
6468,1,0,0,0,1,0,0,169,0,198,135
6474,1,0,1,0,1,0,0,169,0,198,135
6486,1,0,0,0,1,0,0,169,0,198,135
6492,0,0,0,0,1,0,0,169,0,198,135
6504,1,0,0,0,1,0,0,164,0,199,135
6510,1,0,1,0,1,0,0,164,0,199,135
6520,1,1,1,0,1,0,0,164,0,199,135
6530,1,1,1,0,1,0,0,164,1,199,135
6540,0,0,1,0,1,0,0,164,1,199,136
6552,1,0,1,0,1,0,0,164,1,199,136
6558,1,0,0,0,1,0,0,164,1,199,136
6560,1,1,0,0,1,0,0,164,1,199,136
6564,1,1,0,0,1,0,0,54,1,200,136
6570,1,1,1,0,1,0,0,54,1,200,136
6580,1,1,1,0,1,0,0,54,1,200,137
6590,1,1,1,0,1,0,0,54,1,200,137
6600,0,1,1,0,1,0,0,54,1,200,138
6606,0,1,0,0,1,0,0,54,1,200,138
6610,0,1,0,0,1,0,0,54,0,200,138
6620,0,0,0,0,1,0,0,54,0,200,139
6636,1,0,0,0,1,0,0,228,0,201,139
6640,1,1,0,0,1,0,0,228,0,201,139
6648,0,1,0,0,1,0,0,228,0,201,139
6650,0,1,0,0,1,0,0,228,0,201,139
6660,0,1,0,0,1,0,0,228,0,201,140
6670,0,1,0,0,1,0,0,228,1,201,140
6680,0,0,0,0,1,0,0,228,1,201,141
6684,1,0,0,0,1,0,0,119,1,202,141
6696,1,0,0,0,1,0,0,90,1,203,141
6700,1,1,0,0,1,0,0,90,1,203,141
6708,1,1,0,0,1,0,0,31,1,204,141
6710,1,1,0,0,1,0,0,31,0,204,141
6720,0,0,0,0,1,0,0,31,0,204,142
6740,0,1,0,0,1,0,0,31,0,204,142
6750,0,1,0,0,1,0,0,31,1,204,142
6756,1,1,0,0,1,0,0,69,1,205,142
6760,1,0,0,0,1,0,0,69,1,205,143
6768,0,0,0,0,1,0,0,69,1,205,143
6780,1,0,0,0,1,0,0,93,1,206,143
6792,0,0,0,0,1,0,0,93,1,206,143
6800,0,1,0,0,1,0,0,93,1,206,143
6804,1,1,0,0,1,0,0,162,1,207,143
6810,1,1,1,0,1,0,0,162,0,207,143
6820,1,1,1,0,1,0,0,162,0,207,144
6830,1,1,1,0,1,0,0,162,0,207,144
6840,0,0,1,0,1,0,0,162,0,207,145
6846,0,0,0,0,1,0,0,162,0,207,145
6852,1,0,0,0,1,0,0,72,0,208,145
6860,1,1,0,0,1,0,0,72,0,208,145
6864,1,1,0,0,1,0,0,10,0,209,145
6870,1,1,1,0,1,0,0,10,0,209,145
6876,0,1,1,0,1,0,0,10,0,209,145
6880,0,1,1,0,1,0,0,10,0,209,146
6890,0,1,1,0,1,0,0,10,1,209,146
6900,0,0,1,0,1,0,0,10,1,209,147
6906,0,0,0,0,1,0,0,10,1,209,147
6912,1,0,0,0,1,0,0,117,1,210,147
6924,0,0,0,0,1,0,0,117,1,210,147
6936,1,0,0,0,1,0,0,139,1,211,147
6940,1,1,0,0,1,0,0,139,1,211,147
6942,1,1,1,0,1,0,0,139,1,211,147
6948,0,1,1,0,1,0,0,139,1,211,147
6950,0,1,1,0,1,0,0,139,1,211,147
6960,0,0,1,0,1,0,0,139,1,211,148
6978,0,0,0,0,1,0,0,139,1,211,148
6996,1,0,0,0,1,0,0,0,1,212,148
7002,1,0,1,0,1,0,0,0,1,212,148
7020,0,0,1,0,1,0,0,0,1,212,148
7044,1,0,1,0,1,0,0,0,1,212,148
7056,0,0,1,0,1,0,0,0,1,212,148
7060,0,1,1,0,1,0,0,0,1,212,148
7070,0,1,1,0,1,0,0,0,0,212,148
7080,1,1,1,0,1,0,0,0,0,212,149
7090,1,1,1,0,1,0,0,0,1,212,149
7092,0,1,1,0,1,0,0,0,1,212,149
7098,0,1,0,0,1,0,0,0,1,212,149
7100,0,0,0,0,1,0,0,0,1,212,150
7116,1,0,0,0,1,0,0,133,1,213,150
7128,1,0,0,0,1,0,0,92,1,214,150
7134,1,0,1,0,1,0,0,92,1,214,150
7140,1,1,1,0,1,0,0,92,1,214,150
7152,0,1,1,0,1,0,0,92,1,214,150
7160,0,0,1,0,1,0,0,92,1,214,151
7164,1,0,1,0,1,0,0,92,1,214,151
7180,1,1,1,0,1,0,0,92,1,214,151
7182,1,1,0,0,1,0,0,92,1,214,151
7188,0,1,0,0,1,0,0,92,1,214,151
7190,0,1,0,0,1,0,0,92,0,214,151
7200,0,0,0,0,1,0,0,92,0,214,152
7212,1,0,0,0,1,0,0,157,0,215,152
7220,1,1,0,0,1,0,0,157,0,215,152
7224,0,1,0,0,1,0,0,157,0,215,152
7230,0,1,0,0,1,0,0,157,0,215,152
7236,1,1,0,0,1,0,0,249,0,216,152
7240,1,1,0,0,1,0,0,249,0,216,153
7242,1,1,1,0,1,0,0,249,0,216,153
7248,0,1,1,0,1,0,0,249,0,216,153
7250,0,1,1,0,1,0,0,249,1,216,153
7260,0,0,1,0,1,0,0,249,1,216,154
7266,0,0,0,0,1,0,0,249,1,216,154
7272,1,0,0,0,1,0,0,4,1,217,154
7284,1,0,0,0,1,0,0,45,1,218,154
7290,1,0,1,0,1,0,0,45,1,218,154
7308,0,0,1,0,1,0,0,45,1,218,154
7332,1,0,1,0,1,0,0,45,1,218,154
7340,1,1,1,0,1,0,0,45,1,218,154
7344,0,1,1,0,1,0,0,45,1,218,154
7350,0,1,1,0,1,0,0,45,1,218,154
7360,0,1,1,0,1,0,0,45,1,218,155
7370,0,1,1,0,1,0,0,45,0,218,155
7380,0,0,1,0,1,0,0,45,0,218,156
7386,0,0,0,0,1,0,0,45,0,218,156
7392,1,0,0,0,1,0,0,7,0,219,156
7400,1,1,0,0,1,0,0,7,0,219,156
7404,0,1,0,0,1,0,0,7,0,219,156
7410,0,1,0,0,1,0,0,7,0,219,156
7416,1,1,0,0,1,0,0,95,0,220,156
7420,1,0,0,0,1,0,0,95,0,220,157
7422,1,0,1,0,1,0,0,95,0,220,157
7440,0,1,1,0,1,0,0,95,0,220,157
7446,0,1,0,0,1,0,0,95,0,220,157
7450,0,1,0,0,1,0,0,95,1,220,157
7452,1,1,0,0,1,0,0,101,1,221,157
7458,1,1,1,0,1,0,0,101,1,221,157
7460,1,1,1,0,1,0,0,101,1,221,158
7470,1,1,1,0,1,0,0,101,1,221,158
7480,1,0,1,0,1,0,0,101,1,221,159
7482,1,0,0,0,1,0,0,101,1,221,159
7488,0,0,0,0,1,0,0,101,1,221,159
7500,1,1,0,0,1,0,0,35,1,222,159
7510,1,1,0,0,1,0,0,35,0,222,159
7512,0,1,0,0,1,0,0,35,0,222,159
7520,0,1,0,0,1,0,0,35,0,222,160
7524,1,1,0,0,1,0,0,196,0,223,160
7530,1,1,1,0,1,0,0,196,0,223,160
7540,1,1,1,0,1,0,0,196,0,223,161
7542,1,1,0,0,1,0,0,196,0,223,161
7548,1,1,0,0,1,0,0,84,0,224,161
7550,1,1,0,0,1,0,0,84,1,224,161
7554,1,1,1,0,1,0,0,84,1,224,161
7560,0,0,1,0,1,0,0,84,1,224,162
7566,0,0,0,0,1,0,0,84,1,224,162
7580,0,1,0,0,1,0,0,84,1,224,162
7584,1,1,0,0,1,0,0,68,1,225,162
7590,1,1,0,0,1,0,0,68,0,225,162
7596,0,1,0,0,1,0,0,68,0,225,162
7600,0,1,0,0,1,0,0,68,0,225,163
7608,1,1,0,0,1,0,0,177,0,226,163
7610,1,1,0,0,1,0,0,177,1,226,163
7614,1,1,1,0,1,0,0,177,1,226,163
7620,1,1,1,0,1,0,0,177,1,226,164
7626,1,1,0,0,1,0,0,177,1,226,164
7630,1,1,0,0,1,0,0,177,1,226,164
7632,1,1,0,0,1,0,0,127,1,227,164
7640,1,1,0,0,1,0,0,127,1,227,165
7644,1,1,0,0,1,0,0,135,1,228,165
7650,1,1,1,0,1,0,0,135,0,228,165
7656,0,1,1,0,1,0,0,135,0,228,165
7660,0,1,1,0,1,0,0,135,0,228,166
7662,0,1,0,0,1,0,0,135,0,228,166
7670,0,1,0,0,1,0,0,135,0,228,166
7680,1,0,0,0,1,0,0,66,0,229,167
7692,1,0,0,0,1,0,0,136,0,230,167
7700,1,1,0,0,1,0,0,136,0,230,167
7704,1,1,0,0,1,0,0,131,0,231,167
7710,1,1,1,0,1,0,0,131,0,231,167
7720,1,0,1,0,1,0,0,131,0,231,168
7728,0,0,1,0,1,0,0,131,0,231,168
7740,0,1,1,0,1,0,0,131,0,231,168
7746,0,1,0,0,1,0,0,131,0,231,168
7760,0,0,0,0,1,0,0,131,0,231,169
7776,1,0,0,0,1,0,0,3,0,232,169
7780,1,1,0,0,1,0,0,3,0,232,169
7788,1,1,0,0,1,0,0,252,0,233,169
7790,1,1,0,0,1,0,0,252,1,233,169
7794,1,1,1,0,1,0,0,252,1,233,169
7800,1,0,1,0,1,0,0,252,1,233,170
7812,0,0,1,0,1,0,0,252,1,233,170
7818,0,0,0,0,1,0,0,252,1,233,170
7820,0,1,0,0,1,0,0,252,1,233,170
7830,0,1,0,0,1,0,0,252,0,233,170
7840,0,1,0,0,1,0,0,252,0,233,171
7848,1,1,0,0,1,0,0,209,0,234,171
7850,1,1,0,0,1,0,0,209,1,234,171
7854,1,1,1,0,1,0,0,209,1,234,171
7860,1,1,1,0,1,0,0,209,1,234,172
7866,1,1,0,0,1,0,0,209,1,234,172
7870,1,1,0,0,1,0,0,209,0,234,172
7872,1,1,0,0,1,0,0,52,0,235,172
7880,1,0,0,0,1,0,0,52,0,235,173
7884,1,0,0,0,1,0,0,229,0,236,173
7890,1,0,1,0,1,0,0,229,0,236,173
7896,0,0,1,0,1,0,0,229,0,236,173
7900,0,1,1,0,1,0,0,229,0,236,173
7902,0,1,0,0,1,0,0,229,0,236,173
7908,1,1,0,0,1,0,0,12,0,237,173
7910,1,1,0,0,1,0,0,12,0,237,173
7914,1,1,1,0,1,0,0,12,0,237,173
7920,1,1,1,0,1,0,0,12,0,237,174
7930,1,1,1,0,1,0,0,12,1,237,174
7932,0,1,1,0,1,0,0,12,1,237,174
7938,0,1,0,0,1,0,0,12,1,237,174
7940,0,0,0,0,1,0,0,12,1,237,175
7944,1,0,0,0,1,0,0,143,1,238,175
7950,1,0,1,0,1,0,0,143,1,238,175
7956,0,0,1,0,1,0,0,143,1,238,175
7962,0,0,0,0,1,0,0,143,1,238,175
8000,0,1,0,0,1,0,0,143,1,238,175
8004,1,1,0,0,1,0,0,150,1,239,175
8010,1,1,1,0,1,0,0,150,1,239,175
8016,0,1,1,0,1,0,0,150,1,239,175
8020,0,1,1,0,1,0,0,150,1,239,176
8030,0,1,1,0,1,0,0,150,0,239,176
8040,1,1,1,0,1,0,0,150,0,239,177
8046,1,1,0,0,1,0,0,150,0,239,177
8050,1,1,0,0,1,0,0,150,1,239,177
8052,1,1,0,0,1,0,0,8,1,240,177
8060,1,1,0,0,1,0,0,8,1,240,178
8064,0,1,0,0,1,0,0,8,1,240,178
8070,0,1,0,0,1,0,0,8,1,240,178
8080,0,1,0,0,1,0,0,8,1,240,179
8090,0,1,0,0,1,0,0,8,0,240,179
8100,0,0,0,0,1,0,0,8,0,240,180
8120,0,1,0,0,1,0,0,8,0,240,180
8130,0,1,0,0,1,0,0,8,1,240,180
8140,0,1,0,0,1,0,0,8,1,240,181
8150,0,1,0,0,1,0,0,8,0,240,181
8160,1,1,0,0,1,0,0,16,0,241,182
8170,1,1,0,0,1,0,0,16,0,241,182
8172,0,1,0,0,1,0,0,16,0,241,182
8180,0,0,0,0,1,0,0,16,0,241,183
8196,1,0,0,0,1,0,0,211,0,242,183
8208,1,0,0,0,1,0,0,236,0,243,183
8220,1,1,0,0,1,0,0,105,0,244,183
8230,1,1,0,0,1,0,0,105,0,244,183
8232,1,1,0,0,1,0,0,11,0,245,183
8240,1,1,0,0,1,0,0,11,0,245,184
8244,0,1,0,0,1,0,0,11,0,245,184
8250,0,1,0,0,1,0,0,11,1,245,184
8256,1,1,0,0,1,0,0,53,1,246,184
8260,1,0,0,0,1,0,0,53,1,246,185
8268,1,0,0,0,1,0,0,3,1,247,185
8280,1,1,0,0,1,0,0,85,1,248,185
8290,1,1,0,0,1,0,0,85,1,248,185
8292,1,1,0,0,1,0,0,211,1,249,185
8298,1,1,1,0,1,0,0,211,1,249,185
8300,1,1,1,0,1,0,0,211,1,249,186
8310,1,1,1,0,1,0,0,211,0,249,186
8316,0,1,1,0,1,0,0,211,0,249,186
8320,0,1,1,0,1,0,0,211,0,249,187
8322,0,1,0,0,1,0,0,211,0,249,187
8330,0,1,0,0,1,0,0,211,0,249,187
8340,0,1,0,0,1,0,0,211,0,249,188
8350,0,1,0,0,1,0,0,211,0,249,188
8352,1,1,0,0,1,0,0,166,0,250,188
8360,1,1,0,0,1,0,0,166,0,250,189
8364,1,1,0,0,1,0,0,151,0,251,189
8376,1,1,0,0,1,0,0,88,0,252,189
8380,1,0,0,0,1,0,0,88,0,252,190
8388,0,0,0,0,1,0,0,88,0,252,190
8400,1,0,0,0,1,0,0,139,0,253,190
8412,0,0,0,0,1,0,0,139,0,253,190
8436,1,0,0,0,1,0,0,94,0,254,190
8440,1,1,0,0,1,0,0,94,0,254,190
8442,1,1,1,0,1,0,0,94,0,254,190
8450,1,1,1,0,1,0,0,94,1,254,190
8460,1,0,1,0,1,0,0,94,1,254,191
8472,0,0,1,0,1,0,0,94,1,254,191
8478,0,0,0,0,1,0,0,94,1,254,191
8480,0,1,0,0,1,0,0,94,1,254,191
8484,1,1,0,0,1,0,0,65,1,255,191
8490,1,1,1,0,1,0,0,65,0,255,191
8500,1,0,1,0,1,0,0,65,0,255,192
8508,0,0,1,0,1,0,0,65,0,255,192
8520,0,1,1,0,1,0,0,65,0,255,192
8526,0,1,0,0,1,0,0,65,0,255,192
8530,0,1,0,0,1,0,0,65,1,255,192
8540,0,0,0,0,1,0,0,65,1,255,193
8556,1,0,0,0,1,0,0,209,1,256,193
8560,1,1,0,0,1,0,0,209,1,256,193
8568,0,1,0,0,1,0,0,209,1,256,193
8570,0,1,0,0,1,0,0,209,1,256,193
8580,0,0,0,0,1,0,0,209,1,256,194
8592,1,0,0,0,1,0,0,38,1,257,194
8604,0,0,0,0,1,0,0,38,1,257,194
8616,1,0,0,0,1,0,0,210,1,258,194
8620,1,1,0,0,1,0,0,210,1,258,194
8622,1,1,1,0,1,0,0,210,1,258,194
8628,0,1,1,0,1,0,0,210,1,258,194
8630,0,1,1,0,1,0,0,210,0,258,194
8640,1,1,1,0,1,0,0,210,0,258,195
8650,1,1,1,0,1,0,0,210,1,258,195
8652,0,1,1,0,1,0,0,210,1,258,195
8658,0,1,0,0,1,0,0,210,1,258,195
8660,0,1,0,0,1,0,0,210,1,258,196
8676,1,1,0,0,1,0,0,101,1,259,196
8680,1,1,0,0,1,0,0,101,1,259,197
8688,1,1,0,0,1,0,0,247,1,260,197
8690,1,1,0,0,1,0,0,247,0,260,197
8694,1,1,1,0,1,0,0,247,0,260,197
8700,1,0,1,0,1,0,0,247,0,260,198
8706,1,0,0,0,1,0,0,247,0,260,198
8712,0,0,0,0,1,0,0,247,0,260,198
8720,0,1,0,0,1,0,0,247,0,260,198
8730,0,1,0,0,1,0,0,247,0,260,198
8740,0,1,0,0,1,0,0,247,0,260,199
8748,1,1,0,0,1,0,0,133,0,261,199
8750,1,1,0,0,1,0,0,133,0,261,199
8760,0,1,0,0,1,0,0,133,0,261,200
8770,0,1,0,0,1,0,0,133,1,261,200
8780,0,0,0,0,1,0,0,133,1,261,201
8784,1,0,0,0,1,0,0,137,1,262,201
8796,1,0,0,0,1,0,0,135,1,263,201
8808,1,0,0,0,1,0,0,22,1,264,201
8820,1,0,0,0,1,0,0,107,1,265,201
8826,1,0,1,0,1,0,0,107,1,265,201
8832,0,0,1,0,1,0,0,107,1,265,201
8900,0,1,1,0,1,0,0,107,1,265,201
8910,0,1,1,0,1,0,0,107,0,265,201
8916,1,1,1,0,1,0,0,107,0,265,201
8920,1,0,1,0,1,0,0,107,0,265,202
8928,0,0,1,0,1,0,0,107,0,265,202
8946,0,0,0,0,1,0,0,107,0,265,202
8980,0,1,0,0,1,0,0,107,0,265,202
8988,1,1,0,0,1,0,0,134,0,266,202
8990,1,1,0,0,1,0,0,134,0,266,202
8994,1,1,1,0,1,0,0,134,0,266,202
9000,1,0,1,0,1,0,0,134,0,266,203
9012,0,0,1,0,1,0,0,134,0,266,203
9018,0,0,0,0,1,0,0,134,0,266,203
9024,1,0,0,0,1,0,0,135,0,267,203
9030,1,0,1,0,1,0,0,135,0,267,203
9040,1,1,1,0,1,0,0,135,0,267,203
9050,1,1,1,0,1,0,0,135,0,267,203
9060,1,0,1,0,1,0,0,135,0,267,204
9072,0,0,1,0,1,0,0,135,0,267,204
9078,0,0,0,0,1,0,0,135,0,267,204
9084,1,0,0,0,1,0,0,208,0,268,204
9090,1,0,1,0,1,0,0,208,0,268,204
9132,0,0,1,0,1,0,0,208,0,268,204
9140,0,1,1,0,1,0,0,208,0,268,204
9150,0,1,1,0,1,0,0,208,1,268,204
9160,0,0,1,0,1,0,0,208,1,268,205
9168,1,0,1,0,1,0,0,208,1,268,205
9180,0,1,1,0,1,0,0,208,1,268,205
9186,0,1,0,0,1,0,0,208,1,268,205
9200,0,0,0,0,1,0,0,208,1,268,206
9204,1,0,0,0,1,0,0,142,1,269,206
9210,1,0,1,0,1,0,0,142,1,269,206
9220,1,1,1,0,1,0,0,142,1,269,206
9222,1,1,0,0,1,0,0,142,1,269,206
9228,0,1,0,0,1,0,0,142,1,269,206
9230,0,1,0,0,1,0,0,142,1,269,206
9240,0,1,0,0,1,0,0,142,1,269,207
9250,0,1,0,0,1,0,0,142,0,269,207
9252,1,1,0,0,1,0,0,89,0,270,207
9260,1,1,0,0,1,0,0,89,0,270,208
9264,1,1,0,0,1,0,0,171,0,271,208
9270,1,1,1,0,1,0,0,171,0,271,208
9276,0,1,1,0,1,0,0,171,0,271,208
9280,0,0,1,0,1,0,0,171,0,271,209
9282,0,0,0,0,1,0,0,171,0,271,209
9288,1,0,0,0,1,0,0,2,0,272,209
9294,1,0,1,0,1,0,0,2,0,272,209
9306,1,0,0,0,1,0,0,2,0,272,209
9312,0,0,0,0,1,0,0,2,0,272,209
9324,1,0,0,0,1,0,0,241,0,273,209
9330,1,0,1,0,1,0,0,241,0,273,209
9336,0,0,1,0,1,0,0,241,0,273,209
9360,1,0,1,0,1,0,0,241,0,273,209
9372,0,0,1,0,1,0,0,241,0,273,209
9420,1,1,1,0,1,0,0,241,0,273,209
9430,1,1,1,0,1,0,0,241,1,273,209
9432,0,1,1,0,1,0,0,241,1,273,209
9440,0,1,1,0,1,0,0,241,1,273,210
9450,0,1,1,0,1,0,0,241,1,273,210
9460,0,1,1,0,1,0,0,241,1,273,211
9462,0,1,0,0,1,0,0,241,1,273,211
9468,1,1,0,0,1,0,0,142,1,274,211
9470,1,1,0,0,1,0,0,142,0,274,211
9474,1,1,1,0,1,0,0,142,0,274,211
9480,0,1,1,0,1,0,0,142,0,274,212
9486,0,1,0,0,1,0,0,142,0,274,212
9490,0,1,0,0,1,0,0,142,1,274,212
9500,0,0,0,0,1,0,0,142,1,274,213
9504,1,0,0,0,1,0,0,35,1,275,213
9516,1,0,0,0,1,0,0,214,1,276,213
9528,1,0,0,0,1,0,0,15,1,277,213
9534,1,0,1,0,1,0,0,15,1,277,213
9540,0,1,1,0,1,0,0,15,1,277,213
9550,0,1,1,0,1,0,0,15,0,277,213
9560,0,0,1,0,1,0,0,15,0,277,214
9576,1,0,1,0,1,0,0,15,0,277,214
9582,1,0,0,0,1,0,0,15,0,277,214
9588,0,0,0,0,1,0,0,15,0,277,214
9600,0,1,0,0,1,0,0,15,0,277,214
9610,0,1,0,0,1,0,0,15,1,277,214
9620,0,1,0,0,1,0,0,15,1,277,215
9630,0,1,0,0,1,0,0,15,1,277,215
9640,0,1,0,0,1,0,0,15,1,277,216
9648,1,1,0,0,1,0,0,102,1,278,216
9650,1,1,0,0,1,0,0,102,0,278,216
9660,1,1,0,0,1,0,0,47,0,279,217
9670,1,1,0,0,1,0,0,47,1,279,217
9672,0,1,0,0,1,0,0,47,1,279,217
9680,0,0,0,0,1,0,0,47,1,279,218
9696,1,0,0,0,1,0,0,57,1,280,218
9700,1,1,0,0,1,0,0,57,1,280,218
9708,0,1,0,0,1,0,0,57,1,280,218
9710,0,1,0,0,1,0,0,57,0,280,218
9720,0,1,0,0,1,0,0,57,0,280,219
9730,0,1,0,0,1,0,0,57,1,280,219
9740,0,0,0,0,1,0,0,57,1,280,220
9780,0,1,0,0,1,0,0,57,1,280,220
9790,0,1,0,0,1,0,0,57,1,280,220
9800,0,0,0,0,1,0,0,57,1,280,221
9820,0,1,0,0,1,0,0,57,1,280,221
9830,0,1,0,0,1,0,0,57,0,280,221
9840,1,1,0,0,1,0,0,77,0,281,222
9850,1,1,0,0,1,0,0,77,1,281,222
9852,1,1,0,0,1,0,0,244,1,282,222
9860,1,0,0,0,1,0,0,244,1,282,223
9864,1,0,0,0,1,0,0,250,1,283,223
9876,1,0,0,0,1,0,0,86,1,284,223
9888,1,0,0,0,1,0,0,248,1,285,223
9900,0,0,0,0,1,0,0,248,1,285,223
9912,1,0,0,0,1,0,0,10,1,286,223
9924,0,0,0,0,1,0,0,10,1,286,223
9948,1,0,0,0,1,0,0,37,1,287,223
9954,1,0,1,0,1,0,0,37,1,287,223
9960,1,1,1,0,1,0,0,37,1,287,223
9970,1,1,1,0,1,0,0,37,0,287,223
9972,0,1,1,0,1,0,0,37,0,287,223
9980,0,1,1,0,1,0,0,37,0,287,224
9984,1,1,1,0,1,0,0,37,0,287,224
10000,1,0,1,0,1,0,0,37,0,287,225
10002,1,0,0,0,1,0,0,37,0,287,225
10008,0,0,0,0,1,0,0,37,0,287,225
10020,1,1,0,0,1,0,0,250,0,288,225
10030,1,1,0,0,1,0,0,250,1,288,225
10032,1,1,0,0,1,0,0,119,1,289,225
10038,1,1,1,0,1,0,0,119,1,289,225
10040,1,1,1,0,1,0,0,119,1,289,226
10050,1,1,1,0,1,0,0,119,0,289,226
10060,1,0,1,0,1,0,0,119,0,289,227
10062,1,0,0,0,1,0,0,119,0,289,227
10068,0,0,0,0,1,0,0,119,0,289,227
10080,1,1,0,0,1,0,0,58,0,290,227
10090,1,1,0,0,1,0,0,58,1,290,227
10092,1,1,0,0,1,0,0,65,1,291,227
10098,1,1,1,0,1,0,0,65,1,291,227
10100,1,0,1,0,1,0,0,65,1,291,228
10104,0,0,1,0,1,0,0,65,1,291,228
10122,0,0,0,0,1,0,0,65,1,291,228
10164,1,0,0,0,1,0,0,104,1,292,228
10170,1,0,1,0,1,0,0,104,1,292,228
10176,0,0,1,0,1,0,0,104,1,292,228
10188,1,0,1,0,1,0,0,104,1,292,228
10200,1,1,1,0,1,0,0,104,1,292,228
10210,1,1,1,0,1,0,0,104,0,292,228
10220,1,1,1,0,1,0,0,104,0,292,229
10224,0,1,1,0,1,0,0,104,0,292,229
10230,0,1,1,0,1,0,0,104,1,292,229
10240,0,0,1,0,1,0,0,104,1,292,230
10242,0,0,0,0,1,0,0,104,1,292,230
10248,1,0,0,0,1,0,0,71,1,293,230
10254,1,0,1,0,1,0,0,71,1,293,230
10266,1,0,0,0,1,0,0,71,1,293,230
10272,1,0,0,0,1,0,0,70,1,294,230
10278,1,0,1,0,1,0,0,70,1,294,230
10284,0,0,1,0,1,0,0,70,1,294,230
10340,0,1,1,0,1,0,0,70,1,294,230
10344,1,1,1,0,1,0,0,70,1,294,230
10350,1,1,1,0,1,0,0,70,0,294,230
10356,0,1,1,0,1,0,0,70,0,294,230
10360,0,1,1,0,1,0,0,70,0,294,231
10368,1,1,1,0,1,0,0,70,0,294,231
10380,0,1,1,0,1,0,0,70,0,294,232
10386,0,1,0,0,1,0,0,70,0,294,232
10390,0,1,0,0,1,0,0,70,1,294,232
10392,1,1,0,0,1,0,0,15,1,295,232
10400,1,1,0,0,1,0,0,15,1,295,233
10404,0,1,0,0,1,0,0,15,1,295,233
10410,0,1,0,0,1,0,0,15,0,295,233
10420,0,0,0,0,1,0,0,15,0,295,234
10428,1,0,0,0,1,0,0,144,0,296,234
10440,0,0,0,0,1,0,0,144,0,296,234
10452,1,0,0,0,1,0,0,162,0,297,234
10460,1,1,0,0,1,0,0,162,0,297,234
10464,0,1,0,0,1,0,0,162,0,297,234
10470,0,1,0,0,1,0,0,162,0,297,234
10476,1,1,0,0,1,0,0,55,0,298,234
10480,1,1,0,0,1,0,0,55,0,298,235
10482,1,1,1,0,1,0,0,55,0,298,235
10488,0,1,1,0,1,0,0,55,0,298,235
10490,0,1,1,0,1,0,0,55,1,298,235
10500,1,0,1,0,1,0,0,55,1,298,236
10506,1,0,0,0,1,0,0,55,1,298,236
10512,0,0,0,0,1,0,0,55,1,298,236
10540,0,1,0,0,1,0,0,55,1,298,236
10550,0,1,0,0,1,0,0,55,0,298,236
10560,0,1,0,0,1,0,0,55,0,298,237
10570,0,1,0,0,1,0,0,55,1,298,237
10580,0,0,0,0,1,0,0,55,1,298,238
10584,1,0,0,0,1,0,0,33,1,299,238
10596,1,0,0,0,1,0,0,189,1,300,238
10600,1,1,0,0,1,0,0,189,1,300,238
10608,1,1,0,0,1,0,0,97,1,301,238
10610,1,1,0,0,1,0,0,97,1,301,238
10620,0,1,0,0,1,0,0,97,1,301,239
10630,0,1,0,0,1,0,0,97,0,301,239
10640,0,0,0,0,1,0,0,97,0,301,240
10668,1,0,0,0,1,0,0,113,0,302,240
10680,0,0,0,0,1,0,0,113,0,302,240
10692,1,0,0,0,1,0,0,213,0,303,240
10700,1,1,0,0,1,0,0,213,0,303,240
10704,1,1,0,0,1,0,0,100,0,304,240
10710,1,1,1,0,1,0,0,100,1,304,240
10720,1,1,1,0,1,0,0,100,1,304,241
10728,0,1,1,0,1,0,0,100,1,304,241
10740,0,0,1,0,1,0,0,100,1,304,242
10746,0,0,0,0,1,0,0,100,1,304,242
10760,0,1,0,0,1,0,0,100,1,304,242
10764,1,1,0,0,1,0,0,147,1,305,242
10770,1,1,0,0,1,0,0,147,1,305,242
10776,1,1,0,0,1,0,0,109,1,306,242
10780,1,0,0,0,1,0,0,109,1,306,243
10782,1,0,1,0,1,0,0,109,1,306,243
10806,1,0,0,0,1,0,0,109,1,306,243
10812,1,0,0,0,1,0,0,31,1,307,243
10818,1,0,1,0,1,0,0,31,1,307,243
10824,0,0,1,0,1,0,0,31,1,307,243
10840,0,1,1,0,1,0,0,31,1,307,243
10850,0,1,1,0,1,0,0,31,0,307,243
10860,1,1,1,0,1,0,0,31,0,307,244
10870,1,1,1,0,1,0,0,31,0,307,244
10878,1,1,0,0,1,0,0,31,0,307,244
10880,1,1,0,0,1,0,0,31,0,307,245
10884,1,1,0,0,1,0,0,46,0,308,245
10890,1,1,1,0,1,0,0,46,1,308,245
10896,0,1,1,0,1,0,0,46,1,308,245
10900,0,0,1,0,1,0,0,46,1,308,246
10902,0,0,0,0,1,0,0,46,1,308,246
10920,0,1,0,0,1,0,0,46,1,308,246
10930,0,1,0,0,1,0,0,46,0,308,246
10940,0,0,0,0,1,0,0,46,0,308,247
10944,1,0,0,0,1,0,0,46,0,309,247
10956,0,0,0,0,1,0,0,46,0,309,247
10960,0,1,0,0,1,0,0,46,0,309,247
10970,0,1,0,0,1,0,0,46,1,309,247
10980,0,0,0,0,1,0,0,46,1,309,248
11004,1,0,0,0,1,0,0,118,1,310,248
11016,1,0,0,0,1,0,0,21,1,311,248
11020,1,1,0,0,1,0,0,21,1,311,248
11028,0,1,0,0,1,0,0,21,1,311,248
11030,0,1,0,0,1,0,0,21,1,311,248
11040,0,0,0,0,1,0,0,21,1,311,249
11080,0,1,0,0,1,0,0,21,1,311,249
11090,0,1,0,0,1,0,0,21,0,311,249
11100,0,0,0,0,1,0,0,21,0,311,250
11120,0,1,0,0,1,0,0,21,0,311,250
11130,0,1,0,0,1,0,0,21,0,311,250
11140,0,1,0,0,1,0,0,21,0,311,251
11150,0,1,0,0,1,0,0,21,0,311,251
11160,0,1,0,0,1,0,0,21,0,311,252
11170,0,1,0,0,1,0,0,21,1,311,252
11180,0,0,0,0,1,0,0,21,1,311,253
11240,0,1,0,0,1,0,0,21,1,311,253
11250,0,1,0,0,1,0,0,21,0,311,253
11260,0,1,0,0,1,0,0,21,0,311,254
11270,0,1,0,0,1,0,0,21,0,311,254
11280,0,1,0,0,1,0,0,21,0,311,255
11290,0,1,0,0,1,0,0,21,1,311,255
11300,0,1,0,0,1,0,0,21,1,311,256
11310,0,1,0,0,1,0,0,21,0,311,256
11320,0,0,0,0,1,0,0,21,0,311,257
11380,0,1,0,0,1,0,0,21,0,311,257
11390,0,1,0,0,1,0,0,21,1,311,257
11400,0,1,0,0,1,0,0,21,1,311,258
11410,0,1,0,0,1,0,0,21,0,311,258
11420,0,1,0,0,1,0,0,21,0,311,259
11430,0,1,0,0,1,0,0,21,1,311,259
11440,0,1,0,0,1,0,0,21,1,311,260
11450,0,1,0,0,1,0,0,21,0,311,260
11460,0,0,0,0,1,0,0,21,0,311,261
11520,0,1,0,0,1,0,0,21,0,311,261
11530,0,1,0,0,1,0,0,21,1,311,261
11540,0,1,0,0,1,0,0,21,1,311,262
11550,0,1,0,0,1,0,0,21,0,311,262
11560,0,1,0,0,1,0,0,21,0,311,263
11570,0,1,0,0,1,0,0,21,0,311,263
11580,0,0,0,0,1,0,0,21,0,311,264
11600,0,1,0,0,1,0,0,21,0,311,264
11610,0,1,0,0,1,0,0,21,1,311,264
11620,0,1,0,0,1,0,0,21,1,311,265
11630,0,1,0,0,1,0,0,21,1,311,265
11640,0,0,0,0,1,0,0,21,1,311,266
11680,0,1,0,0,1,0,0,21,1,311,266
11700,0,1,0,0,1,0,0,21,1,311,267
11710,0,1,0,0,1,0,0,21,1,311,267
11720,0,0,0,0,1,0,0,21,1,311,268
11740,0,1,0,0,1,0,0,21,1,311,268
11750,0,1,0,0,1,0,0,21,0,311,268
11760,0,1,0,0,1,0,0,21,0,311,269
11770,0,1,0,0,1,0,0,21,0,311,269
11780,0,1,0,0,1,0,0,21,0,311,270
11790,0,1,0,0,1,0,0,21,1,311,270
11800,0,0,0,0,1,0,0,21,1,311,271
11820,0,1,0,0,1,0,0,21,1,311,271
11830,0,1,0,0,1,0,0,21,0,311,271
11840,0,0,0,0,1,0,0,21,0,311,272
11940,0,1,0,0,1,0,0,21,0,311,272
11950,0,1,0,0,1,0,0,21,1,311,272
11960,0,0,0,0,1,0,0,21,1,311,273
12000,0,1,0,0,1,0,0,21,1,311,273
12010,0,1,0,0,1,0,0,21,0,311,273
12020,0,1,0,0,1,0,0,21,0,311,274
12030,0,1,0,0,1,0,0,21,0,311,274
12040,0,1,0,0,1,0,0,21,0,311,275
12050,0,1,0,0,1,0,0,21,1,311,275
12060,0,1,0,0,1,0,0,21,1,311,276
12070,0,1,0,0,1,0,0,21,0,311,276
12080,0,0,0,0,1,0,0,21,0,311,277
12100,0,1,0,0,1,0,0,21,0,311,277
12110,0,1,0,0,1,0,0,21,1,311,277
12120,0,1,0,0,1,0,0,21,1,311,278
12130,0,1,0,0,1,1,0,21,0,311,278
12140,0,1,0,0,1,1,0,21,0,311,279
12150,0,1,0,0,1,1,0,21,1,311,279
12160,0,1,0,0,1,1,0,21,1,311,280
12170,0,1,0,0,1,1,0,21,1,311,280
12174,0,1,0,0,0,1,0,21,1,311,280
12180,0,0,0,0,0,1,0,21,1,311,281
12220,0,1,0,0,0,1,0,21,1,311,281
12230,0,1,0,0,0,1,0,21,1,311,281
12240,0,0,0,0,0,1,0,21,1,311,282
12260,0,1,0,0,0,1,0,21,1,311,282
12270,0,1,0,0,0,1,0,21,1,311,282
12280,0,1,0,0,0,1,0,21,1,311,283
12290,0,1,0,0,0,1,0,21,0,311,283
12300,0,0,0,0,0,1,0,21,0,311,284
12340,0,1,0,0,0,1,0,21,0,311,284
12350,0,1,0,0,0,1,0,21,1,311,284
12360,0,1,0,0,0,1,0,21,1,311,285
12370,0,1,0,0,0,1,0,21,0,311,285
12380,0,1,0,0,0,1,0,21,0,311,286
12390,0,1,0,0,0,1,0,21,1,311,286
12400,0,0,0,0,0,1,0,21,1,311,287
12460,0,1,0,0,0,1,0,21,1,311,287
12470,0,1,0,0,0,1,0,21,1,311,287
12480,0,1,0,0,0,1,0,21,1,311,288
12490,0,1,0,0,0,1,0,21,0,311,288
12500,0,1,0,0,0,1,0,21,0,311,289
12510,0,1,0,0,0,1,0,21,0,311,289
12520,0,0,0,0,0,1,0,21,0,311,290
12540,0,1,0,0,0,1,0,21,0,311,290
12550,0,1,0,0,0,1,0,21,1,311,290
12560,0,1,0,0,0,1,0,21,1,311,291
12570,0,1,0,0,0,1,0,21,1,311,291
12580,0,1,0,0,0,1,0,21,1,311,292
12590,0,1,0,0,0,1,0,21,0,311,292
12600,0,1,0,0,0,1,0,21,0,311,293
12620,0,0,0,0,0,1,0,21,0,311,294
12680,0,1,0,0,0,1,0,21,0,311,294
12690,0,1,0,0,0,1,0,21,0,311,294
12700,0,0,0,0,0,1,0,21,0,311,295
12720,0,1,0,0,0,1,0,21,0,311,295
12730,0,1,0,0,0,1,0,21,1,311,295
12740,0,1,0,0,0,1,0,21,1,311,296
12750,0,1,0,0,0,1,0,21,1,311,296
12760,0,1,0,0,0,1,0,21,1,311,297
12770,0,1,0,0,0,1,0,21,0,311,297
12780,0,0,0,0,0,1,0,21,0,311,298
12800,0,1,0,0,0,1,0,21,0,311,298
12820,0,0,0,0,0,1,0,21,0,311,299
12860,0,1,0,0,0,1,0,21,0,311,299
12870,0,1,0,0,0,1,0,21,1,311,299
12880,0,0,0,0,0,1,0,21,1,311,300
12960,0,1,0,0,0,1,0,21,1,311,300
12970,0,1,0,0,0,1,0,21,0,311,300
12980,0,0,0,0,0,1,0,21,0,311,301
13000,0,1,0,0,0,1,0,21,0,311,301
13010,0,1,0,0,0,1,0,21,1,311,301
13020,0,1,0,0,0,1,0,21,1,311,302
13030,0,1,0,0,0,1,0,21,1,311,302
13040,0,1,0,0,0,1,0,21,1,311,303
13050,0,1,0,0,0,1,0,21,0,311,303
13060,0,1,0,0,0,1,0,21,0,311,304
13070,0,1,0,0,0,1,0,21,1,311,304
13080,0,1,0,0,0,1,0,21,1,311,305
13090,0,1,0,0,0,1,0,21,0,311,305
13100,0,1,0,0,0,1,0,21,0,311,306
13110,0,1,0,0,0,1,0,21,0,311,306
13120,0,0,0,0,0,1,0,21,0,311,307
13200,0,1,0,0,0,1,0,21,0,311,307
13210,0,1,0,0,0,1,0,21,1,311,307
13220,0,0,0,0,0,1,0,21,1,311,308
13300,0,1,0,0,0,1,0,21,1,311,308
13320,0,0,0,0,0,1,0,21,1,311,309
13340,0,1,0,0,0,1,0,21,1,311,309
13350,0,1,0,0,0,1,0,21,1,311,309
13360,0,1,0,0,0,1,0,21,1,311,310
13370,0,1,0,1,0,1,0,21,0,311,310
13420,0,0,0,1,0,1,0,21,0,311,310
13440,0,1,0,1,0,1,0,21,0,311,310
13460,0,0,0,1,0,1,0,21,0,311,310
13540,0,1,0,1,0,1,0,21,0,311,310
13560,0,0,0,1,0,1,0,21,0,311,310
13580,0,1,0,1,0,1,0,21,0,311,310
13600,0,0,0,1,0,1,0,21,0,311,310
13620,0,1,0,1,0,1,0,21,0,311,310
13660,0,0,0,1,0,1,0,21,0,311,310
13680,0,1,0,1,0,1,0,21,0,311,310
13720,0,0,0,1,0,1,0,21,0,311,310
13740,0,1,0,1,0,1,0,21,0,311,310
13780,0,0,0,1,0,1,0,21,0,311,310
13800,0,1,0,1,0,1,0,21,0,311,310
13860,0,0,0,1,0,1,0,21,0,311,310
13900,0,1,0,1,0,1,0,21,0,311,310
13920,0,0,0,1,0,1,0,21,0,311,310
13940,0,1,0,1,0,1,0,21,0,311,310
14020,0,0,0,1,0,1,0,21,0,311,310
14040,0,1,0,1,0,1,0,21,0,311,310
14060,0,0,0,1,0,1,0,21,0,311,310
14200,0,1,0,1,0,1,0,21,0,311,310
14220,0,0,0,1,0,1,0,21,0,311,310
14320,0,1,0,1,0,1,0,21,0,311,310
14340,0,0,0,1,0,1,0,21,0,311,310
14420,0,1,0,1,0,1,0,21,0,311,310
14460,0,0,0,1,0,1,0,21,0,311,310
14480,0,1,0,1,0,1,0,21,0,311,310
14500,0,0,0,1,0,1,0,21,0,311,310
14540,0,1,0,1,0,1,0,21,0,311,310
14560,0,0,0,1,0,1,0,21,0,311,310
14580,0,1,0,1,0,1,0,21,0,311,310
14660,0,0,0,1,0,1,0,21,0,311,310
14720,0,1,0,1,0,1,0,21,0,311,310
14740,0,0,0,1,0,1,0,21,0,311,310
14820,0,1,0,1,0,1,0,21,0,311,310
14860,0,0,0,1,0,1,0,21,0,311,310
14900,0,1,0,1,0,1,0,21,0,311,310
14960,0,0,0,1,0,1,0,21,0,311,310
14980,0,1,0,1,0,1,0,21,0,311,310
15000,0,0,0,1,0,1,0,21,0,311,310
15040,0,1,0,1,0,1,0,21,0,311,310
15060,0,0,0,1,0,1,0,21,0,311,310
15140,0,1,0,1,0,1,0,21,0,311,310
15160,0,0,0,1,0,1,0,21,0,311,310
15180,0,1,0,1,0,1,0,21,0,311,310
15240,0,0,0,1,0,1,0,21,0,311,310
15300,0,1,0,1,0,1,0,21,0,311,310
15360,0,0,0,1,0,1,0,21,0,311,310
15400,0,1,0,1,0,1,0,21,0,311,310
15420,0,0,0,1,0,1,0,21,0,311,310
15460,0,1,0,1,0,1,0,21,0,311,310
15560,0,0,0,1,0,1,0,21,0,311,310
15640,0,1,0,1,0,1,0,21,0,311,310
15660,0,0,0,1,0,1,0,21,0,311,310
15720,0,1,0,1,0,1,0,21,0,311,310
15820,0,0,0,1,0,1,0,21,0,311,310
15840,0,1,0,1,0,1,0,21,0,311,310
15860,0,0,0,1,0,1,0,21,0,311,310
15900,0,1,0,1,0,1,0,21,0,311,310
15960,0,0,0,1,0,1,0,21,0,311,310
16000,0,1,0,1,0,1,0,21,0,311,310
16020,0,0,0,1,0,1,0,21,0,311,310
16060,0,1,0,1,0,1,0,21,0,311,310
16100,0,0,0,1,0,1,0,21,0,311,310
16120,0,1,0,1,0,1,0,21,0,311,310
16220,0,0,0,1,0,1,0,21,0,311,310
16240,0,1,0,1,0,1,0,21,0,311,310
16300,0,0,0,1,0,1,0,21,0,311,310
16320,0,1,0,1,0,1,0,21,0,311,310
16340,0,0,0,1,0,1,0,21,0,311,310
16360,0,1,0,1,0,1,0,21,0,311,310
16400,0,0,0,1,0,1,0,21,0,311,310
16420,0,1,0,1,0,1,0,21,0,311,310
16500,0,0,0,1,0,1,0,21,0,311,310
16520,0,1,0,1,0,1,0,21,0,311,310
16540,0,0,0,1,0,1,0,21,0,311,310
16620,0,1,0,1,0,1,0,21,0,311,310
16640,0,0,0,1,0,1,0,21,0,311,310
16680,0,1,0,1,0,1,0,21,0,311,310
16720,0,0,0,1,0,1,0,21,0,311,310
16740,0,1,0,1,0,1,0,21,0,311,310
16780,0,0,0,1,0,1,0,21,0,311,310
16800,0,1,0,1,0,1,0,21,0,311,310
16860,0,0,0,1,0,1,0,21,0,311,310
16880,0,1,0,1,0,1,0,21,0,311,310
16900,0,0,0,1,0,1,0,21,0,311,310
16940,0,1,0,1,0,1,0,21,0,311,310
16960,0,0,0,1,0,1,0,21,0,311,310
16980,0,1,0,1,0,1,0,21,0,311,310
17000,0,0,0,1,0,1,0,21,0,311,310
17040,0,1,0,1,0,1,0,21,0,311,310
17060,0,0,0,1,0,1,0,21,0,311,310
17080,0,1,0,1,0,1,0,21,0,311,310
17120,0,0,0,1,0,1,0,21,0,311,310
17180,0,1,0,1,0,1,0,21,0,311,310
17200,0,0,0,1,0,1,0,21,0,311,310
17240,0,1,0,1,0,1,0,21,0,311,310
17300,0,0,0,1,0,1,0,21,0,311,310
17320,0,1,0,1,0,1,0,21,0,311,310
17340,0,0,0,1,0,1,0,21,0,311,310
17360,0,1,0,1,0,1,0,21,0,311,310
17420,0,0,0,1,0,1,0,21,0,311,310
17440,0,1,0,1,0,1,0,21,0,311,310
17460,0,0,0,1,0,1,0,21,0,311,310
17560,0,1,0,1,0,1,0,21,0,311,310
17580,0,0,0,1,0,1,0,21,0,311,310
17600,0,1,0,1,0,1,0,21,0,311,310
17620,0,0,0,1,0,1,0,21,0,311,310
17640,0,1,0,1,0,1,0,21,0,311,310
17660,0,0,0,1,0,1,0,21,0,311,310
17680,0,1,0,1,0,1,0,21,0,311,310
17720,0,0,0,1,0,1,0,21,0,311,310
