time_ns,winc,rinc,wFull,rEmpty,wHalfFull,rHalfEmpty,wData,rData
0,0,0,0,1,0,1,0,x
120,1,0,0,1,0,1,2,x
132,0,0,0,1,0,1,176,x
144,1,0,0,1,0,1,210,x
156,1,0,0,1,0,1,186,x
168,0,0,0,1,0,1,50,x
180,1,0,0,1,0,1,11,x
192,1,0,0,1,0,1,186,x
204,1,0,0,1,0,1,79,x
216,1,0,0,1,0,1,240,x
220,1,1,0,1,0,1,240,x
228,0,1,0,1,0,1,35,x
240,0,0,0,1,0,1,194,x
252,0,0,0,1,0,1,80,x
264,0,0,0,1,0,1,196,x
276,0,0,0,1,0,1,99,x
288,1,0,0,1,0,1,204,x
300,0,0,0,1,0,1,174,x
312,1,0,0,1,0,1,129,x
320,1,1,0,1,0,1,129,x
324,1,1,0,1,0,1,61,x
336,1,1,0,1,0,1,59,x
340,1,0,0,1,0,1,59,x
348,1,0,0,1,0,1,164,x
360,0,0,0,1,0,1,32,x
372,0,0,0,1,0,1,139,x
380,0,1,0,1,0,1,139,x
384,1,1,0,1,0,1,121,x
396,0,1,0,1,0,1,78,x
408,0,1,0,1,0,1,156,x
420,1,1,0,1,0,1,134,x
432,0,1,0,1,0,1,96,x
444,1,1,0,1,0,1,200,x
456,1,1,0,1,0,1,87,x
468,1,1,0,1,0,1,176,x
480,0,1,0,1,0,1,1,x
492,0,1,0,1,0,1,229,x
500,0,0,0,1,0,1,229,x
504,1,0,0,1,0,1,200,x
516,1,0,0,1,0,1,114,x
528,1,0,0,1,0,1,52,x
540,1,0,0,1,0,1,203,x
552,1,0,0,1,0,1,171,x
560,1,1,0,1,0,1,171,x
564,0,1,0,1,0,1,224,x
576,1,1,0,1,0,1,83,x
580,1,0,0,1,0,1,83,x
588,1,0,0,1,0,1,148,x
600,0,1,0,1,0,1,27,x
612,0,1,0,1,0,1,153,x
620,0,0,0,1,0,1,153,x
624,0,0,0,1,0,1,179,x
636,1,0,0,1,0,1,59,x
640,1,1,0,1,0,1,59,x
648,0,1,0,1,0,1,114,x
660,1,0,0,1,0,1,53,x
672,1,0,0,1,0,1,229,x
684,1,0,0,1,0,1,73,x
696,1,0,0,1,0,1,60,x
700,1,1,0,1,0,1,60,x
708,1,1,0,1,0,1,156,x
720,1,1,0,1,0,1,255,x
732,1,1,0,1,0,1,219,x
744,0,1,0,1,0,1,38,x
756,0,1,0,1,0,1,255,x
768,0,1,0,1,0,1,189,x
780,0,0,0,1,0,1,50,x
792,1,0,0,1,0,1,64,x
804,1,0,0,1,0,1,94,x
816,1,0,0,1,0,1,2,x
820,1,1,0,1,0,1,2,x
828,0,1,0,1,0,1,192,x
840,0,0,0,1,0,1,134,x
852,1,0,0,1,0,1,196,x
864,0,0,0,1,0,1,44,x
876,1,0,0,1,0,1,7,x
880,1,1,0,1,0,1,7,x
888,0,1,0,1,0,1,155,x
900,0,1,0,1,0,1,238,x
912,1,1,0,1,0,1,218,x
924,0,1,0,1,0,1,158,x
936,1,1,0,1,0,1,246,x
948,0,1,0,1,0,1,119,x
960,0,0,0,1,0,1,240,x
972,1,0,0,1,0,1,165,x
980,1,1,0,1,0,1,165,x
984,1,1,0,1,0,1,202,x
996,0,1,0,1,0,1,15,x
1008,0,1,0,1,0,1,80,x
1020,0,1,0,1,0,1,67,x
1032,0,1,0,1,0,1,245,x
1040,0,0,0,1,0,1,245,x
1044,0,0,0,1,0,1,32,x
1056,1,0,0,1,0,1,241,x
1060,1,1,0,1,0,1,241,x
1068,0,1,0,1,0,1,90,x
1080,0,1,0,1,0,1,78,x
1092,1,1,0,1,0,1,205,x
1100,1,0,0,1,0,1,205,x
1104,0,0,0,1,0,1,80,x
1110,0,0,0,0,0,1,80,x
1116,0,0,0,0,0,1,86,x
1120,0,1,0,0,0,1,86,x
1128,0,1,0,0,0,1,180,x
1130,0,1,0,1,0,1,180,241
1140,1,0,0,1,0,1,151,241
1150,1,0,0,0,0,1,151,241
1152,1,0,0,0,0,1,234,241
1160,1,1,0,0,0,1,234,241
1164,1,1,0,0,0,1,42,241
1170,1,1,0,1,0,1,42,205
1176,1,1,0,1,0,1,199,205
1180,1,0,0,1,0,1,199,205
1188,0,0,0,1,0,1,8,205
1190,0,0,0,0,0,1,8,205
1200,0,1,0,0,0,1,226,205
1210,0,1,0,0,0,1,226,151
1212,1,1,0,0,0,1,31,151
1224,0,1,0,0,0,1,241,151
1230,0,1,0,0,0,1,241,234
1236,0,1,0,0,0,1,226,234
1240,0,0,0,0,0,1,226,234
1248,0,0,0,0,0,1,214,234
1260,0,0,0,0,0,1,121,234
1272,0,0,0,0,0,1,86,234
1284,1,0,0,0,0,1,5,234
1296,0,0,0,0,0,1,213,234
1300,0,1,0,0,0,1,213,234
1308,1,1,0,0,0,1,118,234
1310,1,1,0,0,0,1,118,42
1320,1,0,0,0,0,1,8,42
1332,1,0,0,0,0,1,213,42
1344,1,0,0,0,0,1,26,42
1356,0,0,0,0,0,1,249,42
1368,1,0,0,0,0,1,106,42
1380,1,1,0,0,0,1,198,42
1390,1,1,0,0,0,1,198,199
1392,1,1,0,0,0,1,126,199
1404,0,1,0,0,0,1,58,199
1410,0,1,0,0,0,1,58,31
1416,0,1,0,0,0,1,104,31
1420,0,0,0,0,0,1,104,31
1428,0,0,0,0,0,1,151,31
1440,0,0,0,0,0,1,194,31
1452,0,0,0,0,0,1,131,31
1460,0,1,0,0,0,1,131,31
1464,0,1,0,0,0,1,167,31
1470,0,1,0,0,0,1,167,5
1476,0,1,0,0,0,1,158,5
1488,1,1,0,0,0,1,37,5
1490,1,1,0,0,0,1,37,118
1500,1,0,0,0,0,1,88,118
1512,0,0,0,0,0,1,237,118
1524,1,0,0,0,0,1,211,118
1536,0,0,0,0,0,1,17,118
1548,1,0,0,0,0,1,68,118
1560,0,0,0,0,0,1,209,118
1572,1,0,0,0,0,1,21,118
1584,0,0,0,0,0,1,123,118
1596,1,0,0,0,0,1,2,118
1600,1,1,0,0,0,1,2,118
1608,0,1,0,0,0,1,206,118
1610,0,1,0,0,0,1,206,8
1620,0,0,0,0,0,1,243,8
1632,0,0,0,0,0,1,20,8
1644,0,0,0,0,0,1,178,8
1656,0,0,0,0,0,1,172,8
1668,1,0,0,0,0,1,250,8
1680,1,0,0,0,0,1,192,8
1692,1,0,0,0,0,1,1,8
1700,1,1,0,0,0,1,1,8
1704,1,1,0,0,0,1,135,8
1710,1,1,0,0,0,1,135,213
1716,0,1,0,0,0,1,179,213
1720,0,0,0,0,0,1,179,213
1728,1,0,0,0,0,1,215,213
1740,0,1,0,0,0,1,2,213
1750,0,1,0,0,0,1,2,26
1752,0,1,0,0,0,1,29,26
1760,0,0,0,0,0,1,29,26
1764,0,0,0,0,0,1,144,26
1776,0,0,0,0,0,1,123,26
1780,0,1,0,0,0,1,123,26
1788,1,1,0,0,0,1,139,26
1790,1,1,0,0,0,1,139,106
1800,1,1,0,0,0,1,252,106
1810,1,1,0,0,0,1,252,198
1812,1,1,0,0,0,1,5,198
1820,1,0,0,0,0,1,5,198
1824,1,0,0,0,0,1,208,198
1836,0,0,0,0,0,1,0,198
1840,0,1,0,0,0,1,0,198
1848,1,1,0,0,0,1,216,198
1850,1,1,0,0,0,1,216,126
1860,0,1,0,0,0,1,254,126
1870,0,1,0,0,0,1,254,37
1872,0,1,0,0,0,1,98,37
1884,0,1,0,0,0,1,217,37
1890,0,1,0,0,0,1,217,88
1896,1,1,0,0,0,1,237,88
1900,1,0,0,0,0,1,237,88
1908,0,0,0,0,0,1,198,88
1920,0,0,0,0,0,1,163,88
1932,0,0,0,0,0,1,93,88
1944,0,0,0,0,0,1,33,88
1956,0,0,0,0,0,1,18,88
1968,0,0,0,0,0,1,216,88
1980,1,0,0,0,0,1,60,88
1992,0,0,0,0,0,1,70,88
2000,0,1,0,0,0,1,70,88
2004,0,1,0,0,0,1,129,88
2010,0,1,0,0,0,1,129,211
2016,0,1,0,0,0,1,191,211
2020,0,0,0,0,0,1,191,211
2028,0,0,0,0,0,1,163,211
2040,1,1,0,0,0,1,160,211
2050,1,1,0,0,0,1,160,68
2052,0,1,0,0,0,1,29,68
2060,0,0,0,0,0,1,29,68
2064,0,0,0,0,0,1,69,68
2076,1,0,0,0,0,1,83,68
2088,0,0,0,0,0,1,51,68
2100,1,1,0,0,0,1,173,68
2110,1,1,0,0,0,1,173,21
2112,1,1,0,0,0,1,195,21
2124,0,1,0,0,0,1,222,21
2130,0,1,0,0,0,1,222,2
2136,0,1,0,0,0,1,238,2
2148,0,1,0,0,0,1,55,2
2150,0,1,0,0,0,1,55,250
2160,0,1,0,0,0,1,11,250
2170,0,1,0,0,0,1,11,192
2172,0,1,0,0,0,1,198,192
2180,0,0,0,0,0,1,198,192
2184,0,0,0,0,0,1,155,192
2196,1,0,0,0,0,1,73,192
2200,1,1,0,0,0,1,73,192
2208,0,1,0,0,0,1,74,192
2210,0,1,0,0,0,1,74,1
2220,0,1,0,0,0,1,191,1
2230,0,1,0,0,0,1,191,135
2232,0,1,0,0,0,1,184,135
2244,1,1,0,0,0,1,218,135
2250,1,1,0,0,0,1,218,215
2256,0,1,0,0,0,1,98,215
2268,0,1,0,0,0,1,242,215
2270,0,1,0,0,0,1,242,139
2280,0,1,0,0,0,1,15,139
2290,0,1,0,0,0,1,15,252
2292,1,1,0,0,0,1,98,252
2304,1,1,0,0,0,1,198,252
2310,1,1,0,0,0,1,198,5
2316,0,1,0,0,0,1,253,5
2328,1,1,0,0,0,1,104,5
2330,1,1,0,0,0,1,104,208
2340,0,0,0,0,0,1,27,208
2352,1,0,0,0,0,1,113,208
2364,0,0,0,0,0,1,208,208
2376,1,0,0,0,0,1,221,208
2380,1,1,0,0,0,1,221,208
2388,1,1,0,0,0,1,61,208
2390,1,1,0,0,0,1,61,216
2400,1,0,0,0,0,1,220,216
2412,1,0,0,0,0,1,239,216
2420,1,1,0,0,0,1,239,216
2424,1,1,0,0,0,1,66,216
2430,1,1,0,0,0,1,66,237
2436,1,1,0,0,0,1,39,237
2448,1,1,0,0,0,1,49,237
2450,1,1,0,0,0,1,49,60
2460,1,0,0,0,0,1,95,60
2472,0,0,0,0,0,1,99,60
2480,0,1,0,0,0,1,99,60
2484,1,1,0,0,0,1,243,60
2490,1,1,0,0,0,1,243,160
2496,1,1,0,0,0,1,45,160
2508,0,1,0,0,0,1,123,160
2510,0,1,0,0,0,1,123,83
2520,0,0,0,0,0,1,45,83
2532,0,0,0,0,0,1,219,83
2540,0,1,0,0,0,1,219,83
2544,0,1,0,0,0,1,84,83
2550,0,1,0,0,0,1,84,173
2556,0,1,0,0,0,1,213,173
2560,0,0,0,0,0,1,213,173
2568,0,0,0,0,0,1,244,173
2580,0,0,0,0,0,1,145,173
2592,1,0,0,0,0,1,150,173
2604,1,0,0,0,0,1,127,173
2616,1,0,0,0,0,1,122,173
2620,1,1,0,0,0,1,122,173
2628,1,1,0,0,0,1,152,173
2630,1,1,0,0,0,1,152,195
2640,0,1,0,0,0,1,221,195
2650,0,1,0,0,0,1,221,73
2652,0,1,0,0,0,1,167,73
2664,0,1,0,0,0,1,187,73
2670,0,1,0,0,0,1,187,218
2676,0,1,0,0,0,1,5,218
2688,0,1,0,0,0,1,170,218
2690,0,1,0,0,0,1,170,98
2700,0,0,0,0,0,1,246,98
2712,1,0,0,0,0,1,238,98
2720,1,1,0,0,0,1,238,98
2724,1,1,0,0,0,1,187,98
2730,1,1,0,0,0,1,187,198
2736,1,1,0,0,0,1,100,198
2740,1,0,0,0,0,1,100,198
2748,0,0,0,0,0,1,232,198
2760,0,1,0,0,0,1,114,198
2770,0,1,0,0,0,1,114,104
2772,0,1,0,0,0,1,116,104
2784,1,1,0,0,0,1,210,104
2790,1,1,0,0,0,1,210,113
2796,0,1,0,0,0,1,178,113
2800,0,0,0,0,0,1,178,113
2808,1,0,0,0,0,1,245,113
2820,0,1,0,0,0,1,250,113
2830,0,1,0,0,0,1,250,221
2832,0,1,0,0,0,1,200,221
2844,0,1,0,0,0,1,159,221
2850,0,1,0,0,0,1,159,61
2856,1,1,0,0,0,1,65,61
2860,1,0,0,0,0,1,65,61
2868,0,0,0,0,0,1,40,61
2880,0,0,0,0,0,1,7,61
2892,1,0,0,0,0,1,157,61
2904,1,0,0,0,0,1,82,61
2916,0,0,0,0,0,1,46,61
2920,0,1,0,0,0,1,46,61
2928,0,1,0,0,0,1,251,61
2930,0,1,0,0,0,1,251,220
2940,0,0,0,0,0,1,26,220
2952,1,0,0,0,0,1,139,220
2960,1,1,0,0,0,1,139,220
2964,0,1,0,0,0,1,112,220
2970,0,1,0,0,0,1,112,239
2976,0,1,0,0,0,1,139,239
2988,0,1,0,0,0,1,81,239
2990,0,1,0,0,0,1,81,66
3000,0,1,0,0,0,1,60,66
3010,0,1,0,0,0,1,60,39
3012,1,1,0,0,0,1,223,39
3020,1,0,0,0,0,1,223,39
3024,1,0,0,0,0,1,213,39
3036,1,0,0,0,0,1,198,39
3040,1,1,0,0,0,1,198,39
3048,1,1,0,0,0,1,185,39
3050,1,1,0,0,0,1,185,49
3060,0,1,0,0,0,1,191,49
3070,0,1,0,0,0,1,191,95
3072,0,1,0,0,0,1,129,95
3084,1,1,0,0,0,1,108,95
3090,1,1,0,0,0,1,108,243
3096,1,1,0,0,0,1,135,243
3108,0,1,0,0,0,1,200,243
3110,0,1,0,0,0,1,200,45
3120,1,0,0,0,0,1,51,45
3132,0,0,0,0,0,1,119,45
3140,0,1,0,0,0,1,119,45
3144,1,1,0,0,0,1,6,45
3150,1,1,0,0,0,1,6,150
3156,1,1,0,0,0,1,70,150
3168,0,1,0,0,0,1,173,150
3170,0,1,0,0,0,1,173,127
3180,0,1,0,0,0,1,226,127
3190,0,1,0,0,0,1,226,122
3192,1,1,0,0,0,1,119,122
3204,1,1,0,0,0,1,63,122
3210,1,1,0,0,0,1,63,152
3216,0,1,0,0,0,1,107,152
3228,0,1,0,0,0,1,61,152
3230,0,1,0,0,0,1,61,238
3240,0,1,0,0,0,1,74,238
3250,0,1,0,0,0,1,74,187
3252,1,1,0,0,0,1,109,187
3260,1,0,0,0,0,1,109,187
3264,1,0,0,0,0,1,15,187
3276,1,0,0,0,0,1,12,187
3280,1,1,0,0,0,1,12,187
3288,1,1,0,0,0,1,143,187
3290,1,1,0,0,0,1,143,100
3300,0,0,0,0,0,1,11,100
3312,1,0,0,0,0,1,120,100
3324,1,0,0,0,0,1,128,100
3336,1,0,0,0,0,1,10,100
3340,1,1,0,0,0,1,10,100
3348,1,1,0,0,0,1,109,100
3350,1,1,0,0,0,1,109,210
3360,1,0,0,0,0,1,232,210
3372,0,0,0,0,0,1,213,210
3380,0,1,0,0,0,1,213,210
3384,0,1,0,0,0,1,169,210
3390,0,1,0,0,0,1,169,245
3396,1,1,0,0,0,1,199,245
3400,1,0,0,0,0,1,199,245
3408,0,0,0,0,0,1,5,245
3420,0,1,0,0,0,1,97,245
3430,0,1,0,0,0,1,97,65
3432,1,1,0,0,0,1,45,65
3444,1,1,0,0,0,1,161,65
3450,1,1,0,0,0,1,161,157
3456,0,1,0,0,0,1,250,157
3468,0,1,0,0,0,1,72,157
3470,0,1,0,0,0,1,72,82
3480,1,1,0,0,0,1,123,82
3490,1,1,0,0,0,1,123,139
3492,0,1,0,0,0,1,129,139
3500,0,0,0,0,0,1,129,139
3504,0,0,0,0,0,1,108,139
3516,1,0,0,0,0,1,249,139
3520,1,1,0,0,0,1,249,139
3528,1,1,0,0,0,1,138,139
3530,1,1,0,0,0,1,138,223
3540,1,1,0,0,0,1,131,223
3550,1,1,0,0,0,1,131,213
3552,1,1,0,0,0,1,51,213
3560,1,0,0,0,0,1,51,213
3564,0,0,0,0,0,1,206,213
3576,1,0,0,0,0,1,35,213
3588,1,0,0,0,0,1,80,213
3600,1,1,0,0,0,1,104,213
3610,1,1,0,0,0,1,104,198
3612,1,1,0,0,0,1,243,198
3620,1,0,0,0,0,1,243,198
3624,0,0,0,0,0,1,72,198
3636,1,0,0,0,0,1,123,198
3648,0,0,0,0,0,1,86,198
3660,0,1,0,0,0,1,222,198
3670,0,1,0,0,0,1,222,185
3672,0,1,0,0,0,1,64,185
3680,0,0,0,0,0,1,64,185
3684,0,0,0,0,0,1,38,185
3696,0,0,0,0,0,1,19,185
3700,0,1,0,0,0,1,19,185
3708,0,1,0,0,0,1,27,185
3710,0,1,0,0,0,1,27,108
3720,0,0,0,0,0,1,211,108
3732,1,0,0,0,0,1,46,108
3740,1,1,0,0,0,1,46,108
3744,1,1,0,0,0,1,151,108
3750,1,1,0,0,0,1,151,135
3756,0,1,0,0,0,1,233,135
3768,1,1,0,0,0,1,30,135
3770,1,1,0,0,0,1,30,51
3780,1,0,0,0,0,1,58,51
3792,0,0,0,0,0,1,136,51
3800,0,1,0,0,0,1,136,51
3804,0,1,0,0,0,1,18,51
3810,0,1,0,0,0,1,18,6
3816,1,1,0,0,0,1,84,6
3828,0,1,0,0,0,1,226,6
3830,0,1,0,0,0,1,226,70
3840,1,0,0,0,0,1,217,70
3852,0,0,0,0,0,1,232,70
3860,0,1,0,0,0,1,232,70
3864,1,1,0,0,0,1,203,70
3870,1,1,0,0,0,1,203,119
3876,1,1,0,0,0,1,103,119
3880,1,0,0,0,0,1,103,119
3882,1,0,0,0,1,1,103,119
3888,1,0,0,0,1,1,70,119
3900,0,0,0,0,1,1,94,119
3912,0,0,0,0,1,1,161,119
3920,0,1,0,0,1,1,161,119
3924,1,1,0,0,1,1,182,119
3930,1,1,0,0,1,1,182,63
3936,0,1,0,0,1,1,91,63
3940,0,0,0,0,1,1,91,63
3948,1,0,0,0,1,1,29,63
3960,0,0,0,0,1,1,14,63
3972,1,0,0,0,1,1,79,63
3980,1,1,0,0,1,1,79,63
3984,1,1,0,0,1,1,8,63
3990,1,1,0,0,1,1,8,109
3996,1,1,0,0,1,1,157,109
4008,0,1,0,0,1,1,76,109
4010,0,1,0,0,1,1,76,15
4020,1,1,0,0,1,1,214,15
4030,1,1,0,0,1,1,214,12
4032,0,1,0,0,1,1,217,12
4040,0,0,0,0,1,1,217,12
4044,0,0,0,0,1,1,186,12
4050,0,0,0,0,1,0,186,12
4056,1,0,0,0,1,0,234,12
4068,0,0,0,0,1,0,6,12
4080,1,0,0,0,1,0,75,12
4092,1,0,0,0,1,0,252,12
4100,1,1,0,0,1,0,252,12
4104,0,1,0,0,1,0,190,12
4110,0,1,0,0,1,0,190,143
4116,1,1,0,0,1,0,62,143
4120,1,0,0,0,1,0,62,143
4128,1,0,0,0,1,0,142,143
4140,0,1,0,0,1,0,154,143
4150,0,1,0,0,1,0,154,120
4152,1,1,0,0,1,0,129,120
4160,1,0,0,0,1,0,129,120
4164,0,0,0,0,1,0,198,120
4176,0,0,0,0,1,0,68,120
4180,0,1,0,0,1,0,68,120
4188,1,1,0,0,1,0,61,120
4190,1,1,0,0,1,0,61,128
4200,0,0,0,0,1,0,26,128
4212,0,0,0,0,1,0,107,128
4220,0,1,0,0,1,0,107,128
4224,1,1,0,0,1,0,88,128
4230,1,1,0,0,1,0,88,10
4236,0,1,0,0,1,0,140,10
4240,0,0,0,0,1,0,140,10
4248,1,0,0,0,1,0,70,10
4260,1,0,0,0,1,0,194,10
4272,1,0,0,0,1,0,130,10
4280,1,1,0,0,1,0,130,10
4284,0,1,0,0,1,0,22,10
4290,0,1,0,0,1,0,22,109
4296,1,1,0,0,1,0,235,109
4308,0,1,0,0,1,0,254,109
4310,0,1,0,0,1,0,254,232
4320,0,1,0,0,1,0,55,232
4330,0,1,0,0,1,0,55,199
4332,1,1,0,0,1,0,100,199
4340,1,0,0,0,1,0,100,199
4344,0,0,0,0,1,0,82,199
4356,0,0,0,0,1,0,62,199
4360,0,1,0,0,1,0,62,199
4368,0,1,0,0,1,0,20,199
4370,0,1,0,0,1,0,20,45
4380,0,0,0,0,1,0,160,45
4392,0,0,0,0,1,0,65,45
4400,0,1,0,0,1,0,65,45
4404,1,1,0,0,1,0,175,45
4410,1,1,0,0,1,0,175,161
4416,1,1,0,0,1,0,67,161
4420,1,0,0,0,1,0,67,161
4428,0,0,0,0,1,0,166,161
4440,1,1,0,0,1,0,135,161
4450,1,1,0,0,1,0,135,123
4452,0,1,0,0,1,0,255,123
4464,1,1,0,0,1,0,204,123
4470,1,1,0,0,1,0,204,249
4476,1,1,0,0,1,0,142,249
4488,0,1,0,0,1,0,133,249
4490,0,1,0,0,1,0,133,138
4500,0,0,0,0,1,0,97,138
4512,1,0,0,0,1,0,226,138
4524,0,0,0,0,1,0,213,138
4536,0,0,0,0,1,0,89,138
4540,0,1,0,0,1,0,89,138
4548,1,1,0,0,1,0,109,138
4550,1,1,0,0,1,0,109,131
4560,0,0,0,0,1,0,41,131
4572,1,0,0,0,1,0,34,131
4580,1,1,0,0,1,0,34,131
4584,1,1,0,0,1,0,246,131
4590,1,1,0,0,1,0,246,51
4596,1,1,0,0,1,0,155,51
4608,0,1,0,0,1,0,36,51
4610,0,1,0,0,1,0,36,35
4620,0,0,0,0,1,0,135,35
4632,1,0,0,0,1,0,109,35
4640,1,1,0,0,1,0,109,35
4644,1,1,0,0,1,0,86,35
4650,1,1,0,0,1,0,86,80
4656,1,1,0,0,1,0,216,80
4668,0,1,0,0,1,0,70,80
4670,0,1,0,0,1,0,70,104
4680,0,0,0,0,1,0,102,104
4692,1,0,0,0,1,0,72,104
4704,0,0,0,0,1,0,145,104
4716,1,0,0,0,1,0,145,104
4720,1,1,0,0,1,0,145,104
4728,0,1,0,0,1,0,121,104
4730,0,1,0,0,1,0,121,243
4740,1,1,0,0,1,0,70,243
4750,1,1,0,0,1,0,70,123
4752,1,1,0,0,1,0,227,123
4760,1,0,0,0,1,0,227,123
4764,1,0,0,0,1,0,78,123
4776,0,0,0,0,1,0,23,123
4788,0,0,0,0,1,0,2,123
4800,1,1,0,0,1,0,121,123
4810,1,1,0,0,1,0,121,46
4812,1,1,0,0,1,0,8,46
4824,0,1,0,0,1,0,172,46
4830,0,1,0,0,1,0,172,151
4836,1,1,0,0,1,0,212,151
4848,1,1,0,0,1,0,140,151
4850,1,1,0,0,1,0,140,30
4860,1,0,0,0,1,0,135,30
4872,1,0,0,0,1,0,74,30
4884,1,0,0,0,1,0,208,30
4896,1,0,0,0,1,0,10,30
4900,1,1,0,0,1,0,10,30
4908,1,1,0,0,1,0,220,30
4910,1,1,0,0,1,0,220,58
4920,1,1,0,0,1,0,68,58
4930,1,1,0,0,1,0,68,84
4932,0,1,0,0,1,0,177,84
4944,1,1,0,0,1,0,172,84
4950,1,1,0,0,1,0,172,217
4956,0,1,0,0,1,0,109,217
4960,0,0,0,0,1,0,109,217
4968,1,0,0,0,1,0,254,217
4980,1,0,0,0,1,0,68,217
4992,0,0,0,0,1,0,227,217
5004,0,0,0,0,1,0,37,217
5016,0,0,0,0,1,0,85,217
5028,1,0,0,0,1,0,18,217
5040,0,0,0,0,1,0,205,217
5052,0,0,0,0,1,0,212,217
5060,0,1,0,0,1,0,212,217
5064,1,1,0,0,1,0,78,217
5070,1,1,0,0,1,0,78,203
5076,0,1,0,0,1,0,119,203
5080,0,0,0,0,1,0,119,203
5088,1,0,0,0,1,0,185,203
5100,1,0,0,0,1,0,42,203
5112,1,0,0,0,1,0,81,203
5120,1,1,0,0,1,0,81,203
5124,0,1,0,0,1,0,157,203
5130,0,1,0,0,1,0,157,103
5136,0,1,0,0,1,0,146,103
5148,1,1,0,0,1,0,96,103
5150,1,1,0,0,1,0,96,70
5160,0,0,0,0,1,0,198,70
5172,1,0,0,0,1,0,156,70
5184,1,0,0,0,1,0,151,70
5196,1,0,0,0,1,0,121,70
5200,1,1,0,0,1,0,121,70
5208,0,1,0,0,1,0,0,70
5210,0,1,0,0,1,0,0,182
5220,1,0,0,0,1,0,51,182
5232,0,0,0,0,1,0,51,182
5240,0,1,0,0,1,0,51,182
5244,1,1,0,0,1,0,190,182
5250,1,1,0,0,1,0,190,29
5256,1,1,0,0,1,0,61,29
5260,1,0,0,0,1,0,61,29
5268,1,0,0,0,1,0,114,29
5280,1,0,0,0,1,0,97,29
5292,1,0,0,0,1,0,2,29
5300,1,1,0,0,1,0,2,29
5304,0,1,0,0,1,0,5,29
5310,0,1,0,0,1,0,5,79
5316,0,1,0,0,1,0,158,79
5328,0,1,0,0,1,0,251,79
5330,0,1,0,0,1,0,251,8
5340,1,1,0,0,1,0,236,8
5350,1,1,0,0,1,0,236,157
5352,1,1,0,0,1,0,174,157
5364,1,1,0,0,1,0,232,157
5370,1,1,1,0,1,0,232,214
5376,0,1,1,0,1,0,47,214
5380,0,0,1,0,1,0,47,214
5382,0,0,0,0,1,0,47,214
5388,1,0,0,0,1,0,241,214
5394,1,0,1,0,1,0,241,214
5400,1,1,1,0,1,0,76,214
5406,1,1,0,0,1,0,76,214
5410,1,1,0,0,1,0,76,234
5412,0,1,0,0,1,0,195,234
5424,0,1,0,0,1,0,108,234
5430,0,1,0,0,1,0,108,75
5436,0,1,0,0,1,0,82,75
5448,0,1,0,0,1,0,87,75
5450,0,1,0,0,1,0,87,252
5460,1,0,0,0,1,0,169,252
5472,1,0,0,0,1,0,204,252
5480,1,1,0,0,1,0,204,252
5484,1,1,0,0,1,0,160,252
5490,1,1,0,0,1,0,160,62
5496,1,1,0,0,1,0,192,62
5502,1,1,1,0,1,0,192,62
5508,0,1,1,0,1,0,252,62
5510,0,1,1,0,1,0,252,142
5520,1,0,1,0,1,0,100,142
5526,1,0,0,0,1,0,100,142
5532,0,0,0,0,1,0,183,142
5544,0,0,0,0,1,0,49,142
5556,1,0,0,0,1,0,234,142
5560,1,1,0,0,1,0,234,142
5568,1,1,0,0,1,0,103,142
5570,1,1,0,0,1,0,103,129
5574,1,1,1,0,1,0,103,129
5580,0,0,1,0,1,0,144,129
5592,1,0,1,0,1,0,172,129
5598,1,0,0,0,1,0,172,129
5600,1,1,0,0,1,0,172,129
5604,1,1,0,0,1,0,152,129
5610,1,1,1,0,1,0,152,61
5616,1,1,1,0,1,0,35,61
5620,1,0,1,0,1,0,35,61
5628,0,0,1,0,1,0,163,61
5640,0,1,1,0,1,0,79,61
5646,0,1,0,0,1,0,79,61
5650,0,1,0,0,1,0,79,88
5652,1,1,0,0,1,0,113,88
5658,1,1,1,0,1,0,113,88
5660,1,0,1,0,1,0,113,88
5664,1,0,1,0,1,0,80,88
5676,0,0,1,0,1,0,202,88
5680,0,1,1,0,1,0,202,88
5682,0,1,0,0,1,0,202,88
5688,0,1,0,0,1,0,165,88
5690,0,1,0,0,1,0,165,70
5700,0,0,0,0,1,0,233,70
5712,1,0,0,0,1,0,66,70
5720,1,1,0,0,1,0,66,70
5724,0,1,0,0,1,0,43,70
5730,0,1,0,0,1,0,43,194
5736,0,1,0,0,1,0,46,194
5740,0,0,0,0,1,0,46,194
5748,1,0,0,0,1,0,137,194
5754,1,0,1,0,1,0,137,194
5760,0,1,1,0,1,0,107,194
5766,0,1,0,0,1,0,107,194
5770,0,1,0,0,1,0,107,130
5772,1,1,0,0,1,0,137,130
5778,1,1,1,0,1,0,137,130
5780,1,0,1,0,1,0,137,130
5784,0,0,1,0,1,0,157,130
5796,1,0,1,0,1,0,129,130
5802,1,0,0,0,1,0,129,130
5808,0,0,0,0,1,0,176,130
5820,1,0,0,0,1,0,85,130
5826,1,0,1,0,1,0,85,130
5832,0,0,1,0,1,0,72,130
5840,0,1,1,0,1,0,72,130
5844,1,1,1,0,1,0,246,130
5850,1,1,1,0,1,0,246,235
5856,0,1,1,0,1,0,248,235
5868,0,1,1,0,1,0,164,235
5870,0,1,1,0,1,0,164,100
5880,0,1,1,0,1,0,197,100
5886,0,1,0,0,1,0,197,100
5890,0,1,0,0,1,0,197,175
5892,1,1,0,0,1,0,71,175
5900,1,0,0,0,1,0,71,175
5904,1,0,0,0,1,0,219,175
5910,1,0,1,0,1,0,219,175
5916,1,0,1,0,1,0,251,175
5920,1,1,1,0,1,0,251,175
5922,1,1,0,0,1,0,251,175
5928,0,1,0,0,1,0,194,175
5930,0,1,0,0,1,0,194,67
5940,0,1,0,0,1,0,107,67
5950,0,1,0,0,1,0,107,135
5952,1,1,0,0,1,0,164,135
5964,1,1,0,0,1,0,232,135
5970,1,1,1,0,1,0,232,204
5976,0,1,1,0,1,0,61,204
5980,0,0,1,0,1,0,61,204
5982,0,0,0,0,1,0,61,204
5988,1,0,0,0,1,0,203,204
5994,1,0,1,0,1,0,203,204
6000,1,1,1,0,1,0,145,204
6006,1,1,0,0,1,0,145,204
6010,1,1,0,0,1,0,145,142
6012,0,1,0,0,1,0,223,142
6020,0,0,0,0,1,0,223,142
6024,1,0,0,0,1,0,186,142
6030,1,0,1,0,1,0,186,142
6036,0,0,1,0,1,0,100,142
6040,0,1,1,0,1,0,100,142
6042,0,1,0,0,1,0,100,142
6048,0,1,0,0,1,0,210,142
6050,0,1,0,0,1,0,210,226
6060,0,0,0,0,1,0,171,226
6072,0,0,0,0,1,0,53,226
6084,1,0,0,0,1,0,183,226
6096,1,0,0,0,1,0,150,226
6102,1,0,1,0,1,0,150,226
6108,0,0,1,0,1,0,210,226
6120,0,0,1,0,1,0,102,226
6132,0,0,1,0,1,0,214,226
6140,0,1,1,0,1,0,214,226
6144,1,1,1,0,1,0,184,226
6150,1,1,1,0,1,0,184,109
6156,0,1,1,0,1,0,73,109
6168,1,1,1,0,1,0,188,109
6170,1,1,1,0,1,0,188,34
6180,1,0,1,0,1,0,18,34
6186,1,0,0,0,1,0,18,34
6192,1,0,0,0,1,0,89,34
6200,1,1,0,0,1,0,89,34
6204,0,1,0,0,1,0,38,34
6210,0,1,0,0,1,0,38,246
6216,1,1,0,0,1,0,36,246
6220,1,0,0,0,1,0,36,246
6222,1,0,1,0,1,0,36,246
6228,0,0,1,0,1,0,148,246
6240,0,1,1,0,1,0,194,246
6246,0,1,0,0,1,0,194,246
6250,0,1,0,0,1,0,194,155
6252,0,1,0,0,1,0,38,155
6264,0,1,0,0,1,0,177,155
6270,0,1,0,0,1,0,177,109
6276,0,1,0,0,1,0,144,109
6288,1,1,0,0,1,0,111,109
6290,1,1,0,0,1,0,111,86
6300,1,1,0,0,1,0,133,86
6310,1,1,0,0,1,0,133,216
6312,1,1,0,0,1,0,55,216
6324,1,1,0,0,1,0,191,216
6330,1,1,1,0,1,0,191,72
6336,0,1,1,0,1,0,80,72
6340,0,0,1,0,1,0,80,72
6342,0,0,0,0,1,0,80,72
6348,1,0,0,0,1,0,39,72
6354,1,0,1,0,1,0,39,72
6360,0,1,1,0,1,0,41,72
6366,0,1,0,0,1,0,41,72
6370,0,1,0,0,1,0,41,145
6372,1,1,0,0,1,0,202,145
6378,1,1,1,0,1,0,202,145
6384,0,1,1,0,1,0,28,145
6390,0,1,1,0,1,0,28,70
6396,1,1,1,0,1,0,160,70
6400,1,0,1,0,1,0,160,70
6402,1,0,0,0,1,0,160,70
6408,0,0,0,0,1,0,27,70
6420,1,1,0,0,1,0,13,70
6430,1,1,0,0,1,0,13,227
6432,1,1,0,0,1,0,115,227
6438,1,1,1,0,1,0,115,227
6440,1,0,1,0,1,0,115,227
6444,0,0,1,0,1,0,105,227
6456,1,0,1,0,1,0,167,227
6460,1,1,1,0,1,0,167,227
6462,1,1,0,0,1,0,167,227
6468,1,1,0,0,1,0,24,227
6470,1,1,0,0,1,0,24,78
6474,1,1,1,0,1,0,24,78
6480,0,1,1,0,1,0,220,78
6490,0,1,1,0,1,0,220,121
6492,0,1,1,0,1,0,125,121
6498,0,1,0,0,1,0,125,121
6500,0,0,0,0,1,0,125,121
6504,1,0,0,0,1,0,101,121
6510,1,0,1,0,1,0,101,121
6516,0,0,1,0,1,0,226,121
6520,0,1,1,0,1,0,226,121
6522,0,1,0,0,1,0,226,121
6528,0,1,0,0,1,0,225,121
6530,0,1,0,0,1,0,225,8
6540,0,1,0,0,1,0,16,8
6550,0,1,0,0,1,0,16,212
6552,0,1,0,0,1,0,48,212
6564,0,1,0,0,1,0,161,212
6570,0,1,0,0,1,0,161,140
6576,0,1,0,0,1,0,222,140
6580,0,0,0,0,1,0,222,140
6588,1,0,0,0,1,0,99,140
6600,0,0,0,0,1,0,202,140
6612,1,0,0,0,1,0,144,140
6620,1,1,0,0,1,0,144,140
6624,0,1,0,0,1,0,85,140
6630,0,1,0,0,1,0,85,135
6636,0,1,0,0,1,0,8,135
6648,0,1,0,0,1,0,172,135
6650,0,1,0,0,1,0,172,74
6660,0,0,0,0,1,0,210,74
6672,1,0,0,0,1,0,92,74
6684,0,0,0,0,1,0,135,74
6696,1,0,0,0,1,0,240,74
6708,1,0,0,0,1,0,159,74
6720,1,0,0,0,1,0,27,74
6726,1,0,1,0,1,0,27,74
6732,1,0,1,0,1,0,130,74
6744,0,0,1,0,1,0,88,74
6756,1,0,1,0,1,0,47,74
6768,0,0,1,0,1,0,122,74
6780,0,0,1,0,1,0,99,74
6792,0,0,1,0,1,0,126,74
6804,1,0,1,0,1,0,248,74
6816,0,0,1,0,1,0,40,74
6828,1,0,1,0,1,0,59,74
6840,0,0,1,0,1,0,142,74
6852,0,0,1,0,1,0,167,74
6864,1,0,1,0,1,0,128,74
6876,0,0,1,0,1,0,3,74
6880,0,1,1,0,1,0,3,74
6888,1,1,1,0,1,0,5,74
6890,1,1,1,0,1,0,5,208
6900,1,0,1,0,1,0,230,208
6912,1,0,1,0,1,0,150,208
6918,1,0,0,0,1,0,150,208
6924,0,0,0,0,1,0,21,208
6936,1,0,0,0,1,0,127,208
6942,1,0,1,0,1,0,127,208
6948,1,0,1,0,1,0,148,208
6960,1,1,1,0,1,0,48,208
6970,1,1,1,0,1,0,48,10
6972,1,1,1,0,1,0,223,10
6984,0,1,1,0,1,0,239,10
6990,0,1,1,0,1,0,239,220
6996,1,1,1,0,1,0,12,220
7002,1,1,0,0,1,0,12,220
7008,0,1,0,0,1,0,150,220
7010,0,1,0,0,1,0,150,68
7020,1,1,0,0,1,0,145,68
7030,1,1,0,0,1,0,145,172
7032,0,1,0,0,1,0,20,172
7044,0,1,0,0,1,0,102,172
7050,0,1,0,0,1,0,102,254
7056,1,1,0,0,1,0,244,254
7068,1,1,0,0,1,0,68,254
7070,1,1,0,0,1,0,68,68
7080,1,0,0,0,1,0,186,68
7092,0,0,0,0,1,0,59,68
7100,0,1,0,0,1,0,59,68
7104,0,1,0,0,1,0,44,68
7110,0,1,0,0,1,0,44,18
7116,1,1,0,0,1,0,80,18
7128,1,1,0,0,1,0,23,18
7130,1,1,0,0,1,0,23,78
7134,1,1,1,0,1,0,23,78
7140,0,1,1,0,1,0,16,78
7146,0,1,0,0,1,0,16,78
7150,0,1,0,0,1,0,16,185
7152,0,1,0,0,1,0,89,185
7164,0,1,0,0,1,0,133,185
7170,0,1,0,0,1,0,133,42
7176,1,1,0,0,1,0,223,42
7180,1,0,0,0,1,0,223,42
7188,1,0,0,0,1,0,218,42
7200,0,0,0,0,1,0,168,42
7212,1,0,0,0,1,0,220,42
7224,0,0,0,0,1,0,163,42
7236,0,0,0,0,1,0,164,42
7240,0,1,0,0,1,0,164,42
7248,0,1,0,0,1,0,248,42
7250,0,1,0,0,1,0,248,81
7260,1,1,0,0,1,0,63,81
7266,1,1,1,0,1,0,63,81
7270,1,1,1,0,1,0,63,96
7272,0,1,1,0,1,0,177,96
7278,0,1,0,0,1,0,177,96
7284,1,1,0,0,1,0,166,96
7290,1,1,1,0,1,0,166,156
7296,0,1,1,0,1,0,176,156
7302,0,1,0,0,1,0,176,156
7308,1,1,0,0,1,0,154,156
7310,1,1,0,0,1,0,154,151
7314,1,1,1,0,1,0,154,151
7320,0,1,1,0,1,0,205,151
7326,0,1,0,0,1,0,205,151
7330,0,1,0,0,1,0,205,121
7332,0,1,0,0,1,0,20,121
7340,0,0,0,0,1,0,20,121
7344,0,0,0,0,1,0,36,121
7356,1,0,0,0,1,0,152,121
7368,0,0,0,0,1,0,63,121
7380,0,0,0,0,1,0,242,121
7392,1,0,0,0,1,0,159,121
7404,0,0,0,0,1,0,40,121
7416,0,0,0,0,1,0,209,121
7420,0,1,0,0,1,0,209,121
7428,1,1,0,0,1,0,202,121
7430,1,1,0,0,1,0,202,51
7434,1,1,1,0,1,0,202,51
7440,0,0,1,0,1,0,141,51
7452,1,0,1,0,1,0,242,51
7458,1,0,0,0,1,0,242,51
7460,1,1,0,0,1,0,242,51
7464,0,1,0,0,1,0,31,51
7470,0,1,0,0,1,0,31,190
7476,1,1,0,0,1,0,26,190
7480,1,0,0,0,1,0,26,190
7482,1,0,1,0,1,0,26,190
7488,1,0,1,0,1,0,39,190
7500,1,0,1,0,1,0,163,190
7506,1,0,0,0,1,0,163,190
7512,0,0,0,0,1,0,150,190
7520,0,1,0,0,1,0,150,190
7524,1,1,0,0,1,0,169,190
7530,1,1,1,0,1,0,169,61
7536,1,1,1,0,1,0,24,61
7548,0,1,1,0,1,0,155,61
7550,0,1,1,0,1,0,155,114
7560,1,0,1,0,1,0,108,114
7566,1,0,0,0,1,0,108,114
7572,0,0,0,0,1,0,213,114
7584,0,0,0,0,1,0,141,114
7596,1,0,0,0,1,0,180,114
7600,1,1,0,0,1,0,180,114
7608,0,1,0,0,1,0,140,114
7610,0,1,0,0,1,0,140,97
7620,0,0,0,0,1,0,140,97
7632,0,0,0,0,1,0,159,97
7640,0,1,0,0,1,0,159,97
7644,1,1,0,0,1,0,11,97
7650,1,1,0,0,1,0,11,2
7656,1,1,0,0,1,0,89,2
7660,1,0,0,0,1,0,89,2
7662,1,0,1,0,1,0,89,2
7668,0,0,1,0,1,0,78,2
7680,0,1,1,0,1,0,147,2
7686,0,1,0,0,1,0,147,2
7690,0,1,0,0,1,0,147,236
7692,1,1,0,0,1,0,219,236
7698,1,1,1,0,1,0,219,236
7700,1,0,1,0,1,0,219,236
7704,0,0,1,0,1,0,134,236
7716,0,0,1,0,1,0,192,236
7720,0,1,1,0,1,0,192,236
7722,0,1,0,0,1,0,192,236
7728,1,1,0,0,1,0,88,236
7730,1,1,0,0,1,0,88,174
7734,1,1,1,0,1,0,88,174
7740,1,0,1,0,1,0,96,174
7752,0,0,1,0,1,0,163,174
7758,0,0,0,0,1,0,163,174
7764,0,0,0,0,1,0,125,174
7776,0,0,0,0,1,0,13,174
7780,0,1,0,0,1,0,13,174
7788,1,1,0,0,1,0,133,174
7790,1,1,0,0,1,0,133,232
7794,1,1,1,0,1,0,133,232
7800,1,0,1,0,1,0,150,232
7812,1,0,1,0,1,0,71,232
7818,1,0,0,0,1,0,71,232
7820,1,1,0,0,1,0,71,232
7824,1,1,0,0,1,0,129,232
7830,1,1,1,0,1,0,129,241
7836,0,1,1,0,1,0,82,241
7840,0,0,1,0,1,0,82,241
7848,1,0,1,0,1,0,245,241
7860,0,1,1,0,1,0,94,241
7866,0,1,0,0,1,0,94,241
7870,0,1,0,0,1,0,94,169
7872,0,1,0,0,1,0,206,169
7880,0,0,0,0,1,0,206,169
7884,0,0,0,0,1,0,171,169
7896,1,0,0,0,1,0,45,169
7908,0,0,0,0,1,0,15,169
7920,0,1,0,0,1,0,163,169
7930,0,1,0,0,1,0,163,204
7932,0,1,0,0,1,0,131,204
7944,0,1,0,0,1,0,167,204
7950,0,1,0,0,1,0,167,160
7956,0,1,0,0,1,0,70,160
7968,1,1,0,0,1,0,105,160
7970,1,1,0,0,1,0,105,192
7980,0,0,0,0,1,0,190,192
7992,1,0,0,0,1,0,185,192
8004,0,0,0,0,1,0,34,192
8016,1,0,0,0,1,0,33,192
8028,0,0,0,0,1,0,101,192
8040,1,0,0,0,1,0,255,192
8046,1,0,1,0,1,0,255,192
8052,1,0,1,0,1,0,163,192
8064,1,0,1,0,1,0,178,192
8076,0,0,1,0,1,0,14,192
8080,0,1,1,0,1,0,14,192
8088,0,1,1,0,1,0,196,192
8090,0,1,1,0,1,0,196,234
8100,0,1,1,0,1,0,108,234
8110,0,1,1,0,1,0,108,103
8112,1,1,1,0,1,0,106,103
8118,1,1,0,0,1,0,106,103
8120,1,0,0,0,1,0,106,103
8124,0,0,0,0,1,0,114,103
8136,1,0,0,0,1,0,34,103
8148,1,0,0,0,1,0,84,103
8154,1,0,1,0,1,0,84,103
8160,1,1,1,0,1,0,246,103
8170,1,1,1,0,1,0,246,152
8172,1,1,1,0,1,0,170,152
8184,0,1,1,0,1,0,220,152
8190,0,1,1,0,1,0,220,113
8196,1,1,1,0,1,0,151,113
8200,1,0,1,0,1,0,151,113
8202,1,0,0,0,1,0,151,113
8208,0,0,0,0,1,0,180,113
8220,1,0,0,0,1,0,170,113
8232,1,0,0,0,1,0,166,113
8238,1,0,1,0,1,0,166,113
8240,1,1,1,0,1,0,166,113
8244,1,1,1,0,1,0,24,113
8250,1,1,1,0,1,0,24,66
8256,0,1,1,0,1,0,202,66
8260,0,0,1,0,1,0,202,66
8268,1,0,1,0,1,0,210,66
8280,0,1,1,0,1,0,135,66
8286,0,1,0,0,1,0,135,66
8290,0,1,0,0,1,0,135,137
8292,1,1,0,0,1,0,155,137
8298,1,1,1,0,1,0,155,137
8300,1,0,1,0,1,0,155,137
8304,0,0,1,0,1,0,165,137
8316,0,0,1,0,1,0,53,137
8320,0,1,1,0,1,0,53,137
8322,0,1,0,0,1,0,53,137
8328,1,1,0,0,1,0,167,137
8334,1,1,1,0,1,0,167,137
8340,1,0,1,0,1,0,149,137
8352,0,0,1,0,1,0,58,137
8358,0,0,0,0,1,0,58,137
8364,1,0,0,0,1,0,148,137
8370,1,0,1,0,1,0,148,137
8376,1,0,1,0,1,0,29,137
8380,1,1,1,0,1,0,29,137
8388,1,1,1,0,1,0,75,137
8390,1,1,1,0,1,0,75,85
8400,0,0,1,0,1,0,30,85
8412,0,0,1,0,1,0,83,85
8418,0,0,0,0,1,0,83,85
8420,0,1,0,0,1,0,83,85
8424,0,1,0,0,1,0,96,85
8430,0,1,0,0,1,0,96,71
8436,1,1,0,0,1,0,26,71
8442,1,1,1,0,1,0,26,71
8448,0,1,1,0,1,0,167,71
8450,0,1,1,0,1,0,167,219
8460,1,0,1,0,1,0,120,219
8466,1,0,0,0,1,0,120,219
8472,1,0,0,0,1,0,31,219
8480,1,1,0,0,1,0,31,219
8484,0,1,0,0,1,0,24,219
8490,0,1,0,0,1,0,24,164
8496,1,1,0,0,1,0,23,164
8502,1,1,1,0,1,0,23,164
8508,1,1,1,0,1,0,162,164
8510,1,1,1,0,1,0,162,232
8520,1,0,1,0,1,0,141,232
8526,1,0,0,0,1,0,141,232
8532,1,0,0,0,1,0,251,232
8544,0,0,0,0,1,0,0,232
8556,0,0,0,0,1,0,172,232
8560,0,1,0,0,1,0,172,232
8568,1,1,0,0,1,0,128,232
8570,1,1,0,0,1,0,128,203
8574,1,1,1,0,1,0,128,203
8580,1,0,1,0,1,0,220,203
8592,0,0,1,0,1,0,129,203
8598,0,0,0,0,1,0,129,203
8604,0,0,0,0,1,0,141,203
8616,0,0,0,0,1,0,75,203
8628,0,0,0,0,1,0,63,203
8640,1,0,0,0,1,0,111,203
8646,1,0,1,0,1,0,111,203
8652,1,0,1,0,1,0,21,203
8660,1,1,1,0,1,0,21,203
8664,1,1,1,0,1,0,96,203
8670,1,1,1,0,1,0,96,186
8676,0,1,1,0,1,0,163,186
8680,0,0,1,0,1,0,163,186
8688,1,0,1,0,1,0,249,186
8700,1,0,1,0,1,0,237,186
8706,1,0,0,0,1,0,237,186
8712,1,0,0,0,1,0,234,186
8718,1,0,1,0,1,0,234,186
8724,0,0,1,0,1,0,162,186
8736,1,0,1,0,1,0,91,186
8748,0,0,1,0,1,0,50,186
8760,0,1,1,0,1,0,255,186
8770,0,1,1,0,1,0,255,183
8772,0,1,1,0,1,0,230,183
8784,0,1,1,0,1,0,7,183
8790,0,1,1,0,1,0,7,150
8796,1,1,1,0,1,0,114,150
8802,1,1,0,0,1,0,114,150
8808,0,1,0,0,1,0,162,150
8810,0,1,0,0,1,0,162,89
8820,0,1,0,0,1,0,140,89
8830,0,1,0,0,1,0,140,36
8832,0,1,0,0,1,0,25,36
8844,0,1,0,0,1,0,134,36
8850,0,1,0,0,1,0,134,111
8856,0,1,0,0,1,0,44,111
8868,1,1,0,0,1,0,191,111
8870,1,1,0,0,1,0,191,133
8880,1,0,0,0,1,0,190,133
8892,1,0,0,0,1,0,108,133
8904,0,0,0,0,1,0,151,133
8916,0,0,0,0,1,0,43,133
8928,0,0,0,0,1,0,91,133
8940,1,0,0,0,1,0,107,133
8952,0,0,0,0,1,0,188,133
8960,0,1,0,0,1,0,188,133
8964,0,1,0,0,1,0,147,133
8970,0,1,0,0,1,0,147,55
8976,0,1,0,0,1,0,31,55
8980,0,0,0,0,1,0,31,55
8988,1,0,0,0,1,0,131,55
9000,1,1,0,0,1,0,120,55
9010,1,1,0,0,1,0,120,191
9012,1,1,0,0,1,0,35,191
9018,1,1,1,0,1,0,35,191
9024,1,1,1,0,1,0,46,191
9030,1,1,1,0,1,0,46,39
9036,1,1,1,0,1,0,113,39
9040,1,0,1,0,1,0,113,39
9042,1,0,0,0,1,0,113,39
9048,0,0,0,0,1,0,160,39
9060,0,0,0,0,1,0,70,39
9072,1,0,0,0,1,0,77,39
9080,1,1,0,0,1,0,77,39
9084,0,1,0,0,1,0,146,39
9090,0,1,0,0,1,0,146,202
9096,1,1,0,0,1,0,15,202
9102,1,1,1,0,1,0,15,202
9108,0,1,1,0,1,0,213,202
9110,0,1,1,0,1,0,213,13
9120,0,1,1,0,1,0,64,13
9126,0,1,0,0,1,0,64,13
9130,0,1,0,0,1,0,64,115
9132,1,1,0,0,1,0,118,115
9140,1,0,0,0,1,0,118,115
9144,0,0,0,0,1,0,173,115
9156,0,0,0,0,1,0,243,115
9160,0,1,0,0,1,0,243,115
9168,0,1,0,0,1,0,68,115
9170,0,1,0,0,1,0,68,24
9180,0,0,0,0,1,0,224,24
9192,1,0,0,0,1,0,143,24
9200,1,1,0,0,1,0,143,24
9204,0,1,0,0,1,0,0,24
9210,0,1,0,0,1,0,0,101
9216,0,1,0,0,1,0,196,101
9228,1,1,0,0,1,0,220,101
9230,1,1,0,0,1,0,220,99
9240,0,0,0,0,1,0,18,99
9252,0,0,0,0,1,0,147,99
9260,0,1,0,0,1,0,147,99
9264,1,1,0,0,1,0,227,99
9270,1,1,0,0,1,0,227,144
9276,1,1,0,0,1,0,143,144
9280,1,0,0,0,1,0,143,144
9288,0,0,0,0,1,0,97,144
9300,0,1,0,0,1,0,21,144
9310,0,1,0,0,1,0,21,92
9312,1,1,0,0,1,0,213,92
9324,1,1,0,0,1,0,54,92
9330,1,1,1,0,1,0,54,240
9336,1,1,1,0,1,0,107,240
9342,1,1,0,0,1,0,107,240
9348,0,1,0,0,1,0,120,240
9350,0,1,0,0,1,0,120,159
9360,0,1,0,0,1,0,130,159
9370,0,1,0,0,1,0,130,27
9372,0,1,0,0,1,0,114,27
9380,0,0,0,0,1,0,114,27
9384,1,0,0,0,1,0,111,27
9396,1,0,0,0,1,0,92,27
9408,1,0,0,0,1,0,94,27
9420,1,1,0,0,1,0,173,27
9426,1,1,1,0,1,0,173,27
9430,1,1,1,0,1,0,173,127
9432,0,1,1,0,1,0,76,127
9444,1,1,1,0,1,0,150,127
9450,1,1,1,0,1,0,150,145
9456,1,1,1,0,1,0,21,145
9462,1,1,0,0,1,0,21,145
9468,0,1,0,0,1,0,90,145
9470,0,1,0,0,1,0,90,244
9480,0,0,0,0,1,0,58,244
9492,1,0,0,0,1,0,231,244
9500,1,1,0,0,1,0,231,244
9504,0,1,0,0,1,0,252,244
9510,0,1,0,0,1,0,252,68
9516,0,1,0,0,1,0,107,68
9520,0,0,0,0,1,0,107,68
9528,0,0,0,0,1,0,47,68
9540,1,1,0,0,1,0,233,68
9550,1,1,0,0,1,0,233,186
9552,1,1,0,0,1,0,102,186
9560,1,0,0,0,1,0,102,186
9564,1,0,0,0,1,0,114,186
9570,1,0,1,0,1,0,114,186
9576,0,0,1,0,1,0,222,186
9582,0,0,0,0,1,0,222,186
9588,0,0,0,0,1,0,52,186
9600,1,0,0,0,1,0,17,186
9606,1,0,1,0,1,0,17,186
9612,1,0,1,0,1,0,108,186
9624,1,0,1,0,1,0,32,186
9636,1,0,1,0,1,0,95,186
9648,0,0,1,0,1,0,30,186
9660,1,0,1,0,1,0,255,186
9672,0,0,1,0,1,0,116,186
9680,0,1,1,0,1,0,116,186
9684,0,1,1,0,1,0,212,186
9690,0,1,1,0,1,0,212,80
9696,1,1,1,0,1,0,209,80
9708,1,1,1,0,1,0,191,80
9710,1,1,1,0,1,0,191,23
9720,0,1,1,0,1,0,42,23
9726,0,1,0,0,1,0,42,23
9730,0,1,0,0,1,0,42,223
9732,1,1,0,0,1,0,174,223
9740,1,0,0,0,1,0,174,223
9744,1,0,0,0,1,0,24,223
9750,1,0,1,0,1,0,24,223
9756,1,0,1,0,1,0,245,223
9760,1,1,1,0,1,0,245,223
9762,1,1,0,0,1,0,245,223
9768,1,1,0,0,1,0,66,223
9770,1,1,0,0,1,0,66,218
9774,1,1,1,0,1,0,66,218
9780,0,0,1,0,1,0,136,218
9792,1,0,1,0,1,0,87,218
9798,1,0,0,0,1,0,87,218
9804,0,0,0,0,1,0,92,218
9816,0,0,0,0,1,0,100,218
9820,0,1,0,0,1,0,100,218
9828,0,1,0,0,1,0,219,218
9830,0,1,0,0,1,0,219,220
9840,0,1,0,0,1,0,196,220
9850,0,1,0,0,1,0,196,63
9852,1,1,0,0,1,0,195,63
9864,0,1,0,0,1,0,4,63
9870,0,1,0,0,1,0,4,166
9876,1,1,0,0,1,0,193,166
9888,0,1,0,0,1,0,220,166
9890,0,1,0,0,1,0,220,154
9900,1,1,0,0,1,0,165,154
9910,1,1,0,0,1,0,165,152
9912,1,1,0,0,1,0,128,152
9924,1,1,0,0,1,0,137,152
9930,1,1,1,0,1,0,137,159
9936,1,1,1,0,1,0,100,159
9940,1,0,1,0,1,0,100,159
9942,1,0,0,0,1,0,100,159
9948,0,0,0,0,1,0,203,159
9960,1,0,0,0,1,0,121,159
9972,0,0,0,0,1,0,101,159
9980,0,1,0,0,1,0,101,159
9984,1,1,0,0,1,0,165,159
9990,1,1,1,0,1,0,165,202
9996,0,1,1,0,1,0,5,202
10008,0,1,1,0,1,0,206,202
10010,0,1,1,0,1,0,206,26
10020,1,0,1,0,1,0,248,26
10026,1,0,0,0,1,0,248,26
10032,0,0,0,0,1,0,140,26
10044,0,0,0,0,1,0,66,26
10056,1,0,0,0,1,0,125,26
10068,0,0,0,0,1,0,254,26
10080,0,1,0,0,1,0,252,26
10090,0,1,0,0,1,0,252,169
10092,0,1,0,0,1,0,139,169
10100,0,0,0,0,1,0,139,169
10104,0,0,0,0,1,0,75,169
10116,1,0,0,0,1,0,118,169
10120,1,1,0,0,1,0,118,169
10128,1,1,0,0,1,0,86,169
10130,1,1,0,0,1,0,86,180
10134,1,1,1,0,1,0,86,180
10140,1,0,1,0,1,0,153,180
10152,0,0,1,0,1,0,106,180
10158,0,0,0,0,1,0,106,180
10164,0,0,0,0,1,0,85,180
10176,1,0,0,0,1,0,127,180
10182,1,0,1,0,1,0,127,180
10188,0,0,1,0,1,0,181,180
10200,1,1,1,0,1,0,238,180
10210,1,1,1,0,1,0,238,11
10212,1,1,1,0,1,0,151,11
10220,1,0,1,0,1,0,151,11
10224,1,0,1,0,1,0,81,11
10236,0,0,1,0,1,0,230,11
10240,0,1,1,0,1,0,230,11
10242,0,1,0,0,1,0,230,11
10248,1,1,0,0,1,0,128,11
10250,1,1,0,0,1,0,128,89
10254,1,1,1,0,1,0,128,89
10260,0,1,1,0,1,0,49,89
10270,0,1,1,0,1,0,49,219
10272,1,1,1,0,1,0,27,219
10278,1,1,0,0,1,0,27,219
10284,0,1,0,0,1,0,41,219
10290,0,1,0,0,1,0,41,88
10296,1,1,0,0,1,0,221,88
10300,1,0,0,0,1,0,221,88
10308,1,0,0,0,1,0,92,88
10314,1,0,1,0,1,0,92,88
10320,0,1,1,0,1,0,234,88
10326,0,1,0,0,1,0,234,88
10330,0,1,0,0,1,0,234,133
10332,1,1,0,0,1,0,213,133
10338,1,1,1,0,1,0,213,133
10344,1,1,1,0,1,0,231,133
10350,1,1,1,0,1,0,231,129
10356,0,1,1,0,1,0,65,129
10360,0,0,1,0,1,0,65,129
10362,0,0,0,0,1,0,65,129
10368,1,0,0,0,1,0,86,129
10374,1,0,1,0,1,0,86,129
10380,1,1,1,0,1,0,236,129
10386,1,1,0,0,1,0,236,129
10390,1,1,0,0,1,0,236,45
10392,1,1,0,0,1,0,16,45
10398,1,1,1,0,1,0,16,45
10404,1,1,1,0,1,0,97,45
10410,1,1,1,0,1,0,97,105
10416,0,1,1,0,1,0,215,105
10420,0,0,1,0,1,0,215,105
10422,0,0,0,0,1,0,215,105
10428,0,0,0,0,1,0,182,105
10440,1,0,0,0,1,0,246,105
10452,0,0,0,0,1,0,154,105
10460,0,1,0,0,1,0,154,105
10464,1,1,0,0,1,0,43,105
10470,1,1,1,0,1,0,43,185
10476,1,1,1,0,1,0,54,185
10488,0,1,1,0,1,0,239,185
10490,0,1,1,0,1,0,239,33
10500,0,1,1,0,1,0,43,33
10506,0,1,0,0,1,0,43,33
10510,0,1,0,0,1,0,43,255
10512,0,1,0,0,1,0,70,255
10524,0,1,0,0,1,0,202,255
10530,0,1,0,0,1,0,202,34
10536,0,1,0,0,1,0,100,34
10548,1,1,0,0,1,0,116,34
10550,1,1,0,0,1,0,116,84
10560,0,0,0,0,1,0,39,84
10572,0,0,0,0,1,0,79,84
10580,0,1,0,0,1,0,79,84
10584,0,1,0,0,1,0,125,84
10590,0,1,0,0,1,0,125,170
10596,0,1,0,0,1,0,12,170
10608,0,1,0,0,1,0,162,170
10610,0,1,0,0,1,0,162,166
10620,1,1,0,0,1,0,250,166
10630,1,1,0,0,1,0,250,155
10632,0,1,0,0,1,0,30,155
10644,1,1,0,0,1,0,100,155
10650,1,1,0,0,1,0,100,167
10656,0,1,0,0,1,0,19,167
10660,0,0,0,0,1,0,19,167
10668,1,0,0,0,1,0,114,167
10680,1,1,0,0,1,0,250,167
10690,1,1,0,0,1,0,250,148
10692,1,1,0,0,1,0,173,148
10700,1,0,0,0,1,0,173,148
10704,1,0,0,0,1,0,104,148
10716,0,0,0,0,1,0,216,148
10728,0,0,0,0,1,0,172,148
10740,0,1,0,0,1,0,101,148
10750,0,1,0,0,1,0,101,26
10752,1,1,0,0,1,0,233,26
10764,1,1,0,0,1,0,129,26
10770,1,1,0,0,1,0,129,31
10776,0,1,0,0,1,0,209,31
10780,0,0,0,0,1,0,209,31
10788,1,0,0,0,1,0,96,31
10800,1,0,0,0,1,0,5,31
10812,1,0,0,0,1,0,171,31
10818,1,0,1,0,1,0,171,31
10824,0,0,1,0,1,0,19,31
10836,0,0,1,0,1,0,86,31
10840,0,1,1,0,1,0,86,31
10848,0,1,1,0,1,0,12,31
10850,0,1,1,0,1,0,12,23
10860,0,0,1,0,1,0,246,23
10872,1,0,1,0,1,0,39,23
10878,1,0,0,0,1,0,39,23
10884,0,0,0,0,1,0,19,23
10896,1,0,0,0,1,0,248,23
10900,1,1,0,0,1,0,248,23
10902,1,1,1,0,1,0,248,23
10908,1,1,1,0,1,0,173,23
10910,1,1,1,0,1,0,173,251
10920,1,0,1,0,1,0,127,251
10932,0,0,1,0,1,0,87,251
10938,0,0,0,0,1,0,87,251
10940,0,1,0,0,1,0,87,251
10944,1,1,0,0,1,0,44,251
10950,1,1,1,0,1,0,44,128
10956,0,1,1,0,1,0,194,128
10968,1,1,1,0,1,0,74,128
10970,1,1,1,0,1,0,74,111
10980,1,1,1,0,1,0,16,111
10986,1,1,0,0,1,0,16,111
10990,1,1,0,0,1,0,16,234
10992,0,1,0,0,1,0,159,234
11004,0,1,0,0,1,0,182,234
11010,0,1,0,0,1,0,182,191
11016,1,1,0,0,1,0,165,191
11028,0,1,0,0,1,0,68,191
11030,0,1,0,0,1,0,68,190
11040,1,1,0,0,1,0,7,190
11050,1,1,0,0,1,0,7,108
11052,1,1,0,0,1,0,61,108
11064,0,1,0,0,1,0,64,108
11070,0,1,0,0,1,0,64,107
11076,0,1,0,0,1,0,48,107
11080,0,0,0,0,1,0,48,107
11088,1,0,0,0,1,0,181,107
11100,0,0,0,0,1,0,47,107
11112,1,0,0,0,1,0,167,107
11120,1,1,0,0,1,0,167,107
11124,0,1,0,0,1,0,44,107
11130,0,1,0,0,1,0,44,131
11136,1,1,0,0,1,0,152,131
11148,1,1,0,0,1,0,162,131
11150,1,1,0,0,1,0,162,120
11154,1,1,1,0,1,0,162,120
11160,1,0,1,0,1,0,223,120
11166,1,0,0,0,1,0,223,120
11172,0,0,0,0,1,0,97,120
11184,1,0,0,0,1,0,205,120
11196,1,0,0,0,1,0,234,120
11202,1,0,1,0,1,0,234,120
11208,1,0,1,0,1,0,181,120
11220,1,0,1,0,1,0,105,120
11232,1,0,1,0,1,0,211,120
11240,1,1,1,0,1,0,211,120
11244,1,1,1,0,1,0,175,120
11250,1,1,1,0,1,0,175,35
11256,0,1,1,0,1,0,182,35
11260,0,0,1,0,1,0,182,35
11268,1,0,1,0,1,0,65,35
11280,0,1,1,0,1,0,187,35
11286,0,1,0,0,1,0,187,35
11290,0,1,0,0,1,0,187,77
11292,0,1,0,0,1,0,155,77
11304,0,1,0,0,1,0,57,77
11310,0,1,0,0,1,0,57,15
11316,1,1,0,0,1,0,32,15
11320,1,0,0,0,1,0,32,15
11328,1,0,0,0,1,0,136,15
11334,1,0,1,0,1,0,136,15
11340,1,1,1,0,1,0,170,15
11346,1,1,0,0,1,0,170,15
11350,1,1,0,0,1,0,170,118
11352,0,1,0,0,1,0,167,118
11360,0,0,0,0,1,0,167,118
11364,0,0,0,0,1,0,113,118
11376,1,0,0,0,1,0,73,118
11388,0,0,0,0,1,0,171,118
11400,0,1,0,0,1,0,229,118
11410,0,1,0,0,1,0,229,143
11412,1,1,0,0,1,0,49,143
11418,1,1,1,0,1,0,49,143
11420,1,0,1,0,1,0,49,143
11424,1,0,1,0,1,0,147,143
11436,0,0,1,0,1,0,31,143
11442,0,0,0,0,1,0,31,143
11448,1,0,0,0,1,0,16,143
11454,1,0,1,0,1,0,16,143
11460,1,1,1,0,1,0,103,143
11470,1,1,1,0,1,0,103,220
11472,0,1,1,0,1,0,159,220
11484,0,1,1,0,1,0,33,220
11490,0,1,1,0,1,0,33,227
11496,0,1,1,0,1,0,27,227
11502,0,1,0,0,1,0,27,227
11508,0,1,0,0,1,0,148,227
11510,0,1,0,0,1,0,148,143
11520,0,0,0,0,1,0,72,143
11532,1,0,0,0,1,0,107,143
11544,0,0,0,0,1,0,228,143
11556,0,0,0,0,1,0,4,143
11560,0,1,0,0,1,0,4,143
11568,1,1,0,0,1,0,60,143
11570,1,1,0,0,1,0,60,213
11580,1,1,0,0,1,0,69,213
11586,1,1,1,0,1,0,69,213
11590,1,1,1,0,1,0,69,54
11592,1,1,1,0,1,0,114,54
11598,1,1,0,0,1,0,114,54
11604,1,1,0,0,1,0,89,54
11610,1,1,1,0,1,0,89,111
11616,1,1,1,0,1,0,51,111
11622,1,1,0,0,1,0,51,111
11628,0,1,0,0,1,0,121,111
11630,0,1,0,0,1,0,121,92
11640,0,0,0,0,1,0,221,92
11652,1,0,0,0,1,0,211,92
11660,1,1,0,0,1,0,211,92
11664,1,1,0,0,1,0,24,92
11670,1,1,0,0,1,0,24,94
11676,1,1,0,0,1,0,70,94
11680,1,0,0,0,1,0,70,94
11682,1,0,1,0,1,0,70,94
11688,1,0,1,0,1,0,153,94
11700,1,1,1,0,1,0,199,94
11706,1,1,0,0,1,0,199,94
11710,1,1,0,0,1,0,199,173
11712,1,1,0,0,1,0,245,173
11718,1,1,1,0,1,0,245,173
11720,1,0,1,0,1,0,245,173
11724,0,0,1,0,1,0,21,173
11736,0,0,1,0,1,0,202,173
11742,0,0,0,0,1,0,202,173
11748,0,0,0,0,1,0,169,173
11760,1,1,0,0,1,0,212,173
11766,1,1,1,0,1,0,212,173
11770,1,1,1,0,1,0,212,231
11772,0,1,1,0,1,0,253,231
11780,0,0,1,0,1,0,253,231
11784,1,0,1,0,1,0,224,231
11796,0,0,1,0,1,0,35,231
11800,0,1,1,0,1,0,35,231
11802,0,1,0,0,1,0,35,231
11808,0,1,0,0,1,0,1,231
11810,0,1,0,0,1,0,1,233
11820,0,0,0,0,1,0,208,233
11832,1,0,0,0,1,0,60,233
11844,1,0,0,0,1,0,117,233
11850,1,0,1,0,1,0,117,233
11856,0,0,1,0,1,0,193,233
11868,1,0,1,0,1,0,171,233
11880,0,0,1,0,1,0,32,233
11892,0,0,1,0,1,0,83,233
11904,1,0,1,0,1,0,99,233
11916,1,0,1,0,1,0,90,233
11928,0,0,1,0,1,0,11,233
11940,1,0,1,0,1,0,199,233
11952,0,0,1,0,1,0,67,233
11964,1,0,1,0,1,0,94,233
11976,0,0,1,0,1,0,64,233
11988,0,0,1,0,1,0,210,233
12000,1,0,1,0,1,0,114,233
12012,0,0,1,0,1,0,108,233
12024,1,0,1,0,1,0,125,233
12036,1,0,1,0,1,0,186,233
12040,1,1,1,0,1,0,186,233
12048,0,1,1,0,1,0,105,233
12050,0,1,1,0,1,0,105,102
12060,0,0,1,0,1,0,155,102
12072,0,0,1,0,1,0,253,102
12078,0,0,0,0,1,0,253,102
12084,0,0,0,0,1,0,171,102
12096,1,0,0,0,1,0,201,102
12102,1,0,1,0,1,0,201,102
12108,1,0,1,0,1,0,113,102
12120,0,0,1,0,1,0,215,102
12132,1,0,1,0,1,0,154,102
12140,1,1,1,0,1,0,154,102
12144,0,1,1,0,1,0,188,102
12150,0,1,1,0,1,0,188,114
12156,1,1,1,0,1,0,110,114
12160,1,0,1,0,1,0,110,114
12168,1,0,1,0,1,0,233,114
12180,1,1,1,0,1,0,219,114
12186,1,1,0,0,1,0,219,114
12190,1,1,0,0,1,0,219,17
12192,0,1,0,0,1,0,205,17
12200,0,0,0,0,1,0,205,17
12204,0,0,0,0,1,0,198,17
12216,0,0,0,0,1,0,156,17
12228,1,0,0,0,1,0,211,17
12240,0,1,0,0,1,0,19,17
12250,0,1,0,0,1,0,19,174
12252,1,1,0,0,1,0,148,174
12258,1,1,1,0,1,0,148,174
12260,1,0,1,0,1,0,148,174
12264,1,0,1,0,1,0,246,174
12276,1,0,1,0,1,0,99,174
12282,1,0,0,0,1,0,99,174
12288,1,0,0,0,1,0,60,174
12294,1,0,1,0,1,0,60,174
12300,1,1,1,0,1,0,98,174
12310,1,1,1,0,1,0,98,24
12312,1,1,1,0,1,0,229,24
12324,0,1,1,0,1,0,221,24
12330,0,1,1,0,1,0,221,66
12336,0,1,1,0,1,0,29,66
12340,0,0,1,0,1,0,29,66
12342,0,0,0,0,1,0,29,66
12348,0,0,0,0,1,0,112,66
12360,0,0,0,0,1,0,170,66
12372,0,0,0,0,1,0,26,66
12380,0,1,0,0,1,0,26,66
12384,0,1,0,0,1,0,110,66
12390,0,1,0,0,1,0,110,195
12396,0,1,0,0,1,0,56,195
12400,0,0,0,0,1,0,56,195
12408,0,0,0,0,1,0,159,195
12420,0,1,0,0,1,0,221,195
12430,0,1,0,0,1,0,221,193
12432,0,1,0,0,1,0,50,193
12440,0,0,0,0,1,0,50,193
12444,1,0,0,0,1,0,102,193
12456,1,0,0,0,1,0,201,193
12468,0,0,0,0,1,0,189,193
12480,0,0,0,0,1,0,89,193
12492,1,0,0,0,1,0,198,193
12500,1,1,0,0,1,0,198,193
12504,1,1,0,0,1,0,172,193
12510,1,1,1,0,1,0,172,165
12516,0,1,1,0,1,0,148,165
12528,0,1,1,0,1,0,188,165
12530,0,1,1,0,1,0,188,128
12540,1,1,1,0,1,0,45,128
12546,1,1,0,0,1,0,45,128
12550,1,1,0,0,1,0,45,137
12552,0,1,0,0,1,0,243,137
12564,0,1,0,0,1,0,137,137
12570,0,1,0,0,1,0,137,121
12576,0,1,0,0,1,0,136,121
12588,1,1,0,0,1,0,96,121
12590,1,1,0,0,1,0,96,165
12600,0,1,0,0,1,0,188,165
12610,0,1,0,0,1,0,188,125
12612,0,1,0,0,1,0,206,125
12624,0,1,0,0,1,0,169,125
12630,0,1,0,0,1,0,169,118
12636,1,1,0,0,1,0,151,118
12640,1,0,0,0,1,0,151,118
12648,0,0,0,0,1,0,34,118
12660,1,0,0,0,1,0,242,118
12672,1,0,0,0,1,0,210,118
12684,1,0,0,0,1,0,144,118
12696,1,0,0,0,1,0,159,118
12700,1,1,0,0,1,0,159,118
12708,0,1,0,0,1,0,111,118
12710,0,1,0,0,1,0,111,86
12720,1,0,0,0,1,0,37,86
12726,1,0,1,0,1,0,37,86
12732,1,0,1,0,1,0,157,86
12738,1,0,0,0,1,0,157,86
12744,0,0,0,0,1,0,122,86
12756,1,0,0,0,1,0,92,86
12760,1,1,0,0,1,0,92,86
12762,1,1,1,0,1,0,92,86
12768,1,1,1,0,1,0,23,86
12770,1,1,1,0,1,0,23,127
12780,1,1,1,0,1,0,139,127
12790,1,1,1,0,1,0,139,128
12792,0,1,1,0,1,0,39,128
12798,0,1,0,0,1,0,39,128
12800,0,0,0,0,1,0,39,128
12804,1,0,0,0,1,0,255,128
12810,1,0,1,0,1,0,255,128
12816,1,0,1,0,1,0,140,128
12822,1,0,0,0,1,0,140,128
12828,0,0,0,0,1,0,188,128
12840,1,0,0,0,1,0,90,128
12846,1,0,1,0,1,0,90,128
12852,1,0,1,0,1,0,112,128
12864,0,0,1,0,1,0,2,128
12876,1,0,1,0,1,0,16,128
12880,1,1,1,0,1,0,16,128
12888,1,1,1,0,1,0,193,128
12890,1,1,1,0,1,0,193,221
12900,1,0,1,0,1,0,62,221
12912,0,0,1,0,1,0,142,221
12918,0,0,0,0,1,0,142,221
12920,0,1,0,0,1,0,142,221
12924,1,1,0,0,1,0,108,221
12930,1,1,1,0,1,0,108,92
12936,0,1,1,0,1,0,8,92
12948,0,1,1,0,1,0,123,92
12950,0,1,1,0,1,0,123,213
12960,1,1,1,0,1,0,195,213
12966,1,1,0,0,1,0,195,213
12970,1,1,0,0,1,0,195,86
12972,1,1,0,0,1,0,83,86
12984,1,1,0,0,1,0,205,86
12990,1,1,1,0,1,0,205,16
12996,1,1,1,0,1,0,188,16
13002,1,1,0,0,1,0,188,16
13008,0,1,0,0,1,0,168,16
13010,0,1,0,0,1,0,168,246
13020,0,0,0,0,1,0,74,246
13032,0,0,0,0,1,0,43,246
13044,1,0,0,0,1,0,164,246
13056,1,0,0,0,1,0,124,246
13060,1,1,0,0,1,0,124,246
13068,1,1,0,0,1,0,38,246
13070,1,1,0,0,1,0,38,43
13074,1,1,1,0,1,0,38,43
13080,0,1,1,0,1,0,247,43
13090,0,1,1,0,1,0,247,116
13092,1,1,1,0,1,0,244,116
13098,1,1,0,0,1,0,244,116
13100,1,0,0,0,1,0,244,116
13104,1,0,0,0,1,0,149,116
13110,1,0,1,0,1,0,149,116
13116,0,0,1,0,1,0,66,116
13122,0,0,0,0,1,0,66,116
13128,1,0,0,0,1,0,25,116
13134,1,0,1,0,1,0,25,116
13140,1,0,1,0,1,0,28,116
13152,1,0,1,0,1,0,221,116
13160,1,1,1,0,1,0,221,116
13164,0,1,1,0,1,0,145,116
13170,0,1,1,0,1,0,145,250
13176,0,1,1,0,1,0,179,250
13188,1,1,1,0,1,0,55,250
13190,1,1,1,0,1,0,55,100
13200,0,1,1,0,1,0,226,100
13206,0,1,0,0,1,0,226,100
13210,0,1,0,0,1,0,226,114
13212,0,1,0,0,1,0,133,114
13220,0,0,0,0,1,0,133,114
13224,0,0,0,0,1,0,62,114
13236,1,0,0,0,1,0,39,114
13240,1,1,0,0,1,0,39,114
13248,0,1,0,0,1,0,208,114
13250,0,1,0,0,1,0,208,250
13260,0,1,0,0,1,0,52,250
13270,0,1,0,0,1,0,52,173
13272,1,1,0,0,1,0,162,173
13284,0,1,0,0,1,0,133,173
13290,0,1,0,0,1,0,133,104
13296,0,1,0,0,1,0,9,104
13300,0,0,0,0,1,0,9,104
13308,1,0,0,0,1,0,33,104
13320,0,0,0,0,1,0,73,104
13332,0,0,0,0,1,0,178,104
13340,0,1,0,0,1,0,178,104
13344,0,1,0,0,1,0,169,104
13350,0,1,0,0,1,0,169,233
13356,1,1,0,0,1,0,115,233
13368,1,1,0,0,1,0,136,233
13370,1,1,0,0,1,0,136,129
13380,1,0,0,0,1,0,188,129
13392,0,0,0,0,1,0,2,129
13404,1,0,0,0,1,0,76,129
13416,1,0,0,0,1,0,64,129
13420,1,1,0,0,1,0,64,129
13422,1,1,1,0,1,0,64,129
13428,0,1,1,0,1,0,222,129
13430,0,1,1,0,1,0,222,96
13440,0,1,1,0,1,0,86,96
13450,0,1,1,0,1,0,86,5
13452,1,1,1,0,1,0,162,5
13458,1,1,0,0,1,0,162,5
13464,0,1,0,0,1,0,127,5
13470,0,1,0,0,1,0,127,171
13476,0,1,0,0,1,0,114,171
13480,0,0,0,0,1,0,114,171
13488,1,0,0,0,1,0,118,171
13500,0,1,0,0,1,0,7,171
13510,0,1,0,0,1,0,7,248
13512,1,1,0,0,1,0,181,248
13520,1,0,0,0,1,0,181,248
13524,1,0,0,0,1,0,243,248
13530,1,0,1,0,1,0,243,248
13536,1,0,1,0,1,0,175,248
13542,1,0,0,0,1,0,175,248
13548,1,0,0,0,1,0,241,248
13554,1,0,1,0,1,0,241,248
13560,1,1,1,0,1,0,86,248
13570,1,1,1,0,1,0,86,44
13572,1,1,1,0,1,0,99,44
13584,1,1,1,0,1,0,246,44
13590,1,1,1,0,1,0,246,165
13596,0,1,1,0,1,0,168,165
13602,0,1,0,0,1,0,168,165
13608,1,1,0,0,1,0,170,165
13610,1,1,0,0,1,0,170,7
13614,1,1,1,0,1,0,170,7
13620,1,0,1,0,1,0,31,7
13626,1,0,0,0,1,0,31,7
13632,0,0,0,0,1,0,61,7
13640,0,1,0,0,1,0,61,7
13644,0,1,0,0,1,0,122,7
13650,0,1,0,0,1,0,122,61
13656,1,1,0,0,1,0,145,61
13660,1,0,0,0,1,0,145,61
13668,0,0,0,0,1,0,45,61
13680,1,0,0,0,1,0,5,61
13692,0,0,0,0,1,0,248,61
13700,0,1,0,0,1,0,248,61
13704,0,1,0,0,1,0,25,61
13710,0,1,0,0,1,0,25,181
13716,1,1,0,0,1,0,193,181
13722,1,1,1,0,1,0,193,181
13728,1,1,1,0,1,0,51,181
13730,1,1,1,0,1,0,51,167
13740,1,1,1,0,1,0,162,167
13746,1,1,0,0,1,0,162,167
13750,1,1,0,0,1,0,162,152
13752,0,1,0,0,1,0,8,152
13764,0,1,0,0,1,0,19,152
13770,0,1,0,0,1,0,19,162
13776,0,1,0,0,1,0,235,162
13788,1,1,0,0,1,0,162,162
13790,1,1,0,0,1,0,162,205
13800,1,1,0,0,1,0,132,205
13810,1,1,0,0,1,0,132,234
13812,1,1,0,0,1,0,207,234
13820,1,0,0,0,1,0,207,234
13824,1,0,0,0,1,0,192,234
13836,0,0,0,0,1,0,245,234
13848,0,0,0,0,1,0,76,234
13860,1,1,0,0,1,0,15,234
13870,1,1,0,0,1,0,15,32
13872,0,1,0,0,1,0,31,32
13880,0,0,0,0,1,0,31,32
13884,0,0,0,0,1,0,118,32
13896,0,0,0,0,1,0,123,32
13900,0,1,0,0,1,0,123,32
13908,0,1,0,0,1,0,4,32
13910,0,1,0,0,1,0,4,136
13920,0,1,0,0,1,0,205,136
13930,0,1,0,0,1,0,205,73
13932,0,1,0,0,1,0,217,73
13944,0,1,0,0,1,0,220,73
13950,0,1,0,0,1,0,220,49
13956,1,1,0,0,1,0,193,49
13960,1,0,0,0,1,0,193,49
13968,1,0,0,0,1,0,90,49
13980,1,0,0,0,1,0,102,49
13992,0,0,0,0,1,0,249,49
14000,0,1,0,0,1,0,249,49
14004,0,1,0,0,1,0,208,49
14010,0,1,0,0,1,0,208,16
14016,1,1,0,0,1,0,41,16
14028,1,1,0,0,1,0,174,16
14030,1,1,0,0,1,0,174,107
14034,1,1,1,0,1,0,174,107
14040,0,1,1,0,1,0,124,107
14046,0,1,0,0,1,0,124,107
14050,0,1,0,0,1,0,124,60
14052,0,1,0,0,1,0,147,60
14060,0,0,0,0,1,0,147,60
14064,1,0,0,0,1,0,249,60
14076,0,0,0,0,1,0,34,60
14080,0,1,0,0,1,0,34,60
14088,1,1,0,0,1,0,49,60
14090,1,1,0,0,1,0,49,69
14100,1,1,0,0,1,0,45,69
14106,1,1,1,0,1,0,45,69
14110,1,1,1,0,1,0,45,89
14112,0,1,1,0,1,0,144,89
14118,0,1,0,0,1,0,144,89
14124,0,1,0,0,1,0,91,89
14130,0,1,0,0,1,0,91,211
14136,0,1,0,0,1,0,0,211
14140,0,0,0,0,1,0,0,211
14148,1,0,0,0,1,0,50,211
14160,1,0,0,0,1,0,140,211
14172,0,0,0,0,1,0,54,211
14184,1,0,0,0,1,0,6,211
14190,1,0,1,0,1,0,6,211
14196,0,0,1,0,1,0,86,211
14208,1,0,1,0,1,0,180,211
14220,0,1,1,0,1,0,151,211
14230,0,1,1,0,1,0,151,24
14232,1,1,1,0,1,0,217,24
14244,1,1,1,0,1,0,219,24
14250,1,1,1,0,1,0,219,70
14256,1,1,1,0,1,0,130,70
14260,1,0,1,0,1,0,130,70
14262,1,0,0,0,1,0,130,70
14268,0,0,0,0,1,0,16,70
14280,1,0,0,0,1,0,123,70
14292,0,0,0,0,1,0,107,70
14300,0,1,0,0,1,0,107,70
14304,1,1,0,0,1,0,222,70
14310,1,1,1,0,1,0,222,245
14316,1,1,1,0,1,0,217,245
14328,1,1,1,0,1,0,106,245
14330,1,1,1,0,1,0,106,212
14340,1,0,1,0,1,0,221,212
14346,1,0,0,0,1,0,221,212
14352,0,0,0,0,1,0,71,212
14364,0,0,0,0,1,0,231,212
14376,0,0,0,0,1,0,81,212
14388,0,0,0,0,1,0,102,212
14400,1,0,0,0,1,0,188,212
14412,0,0,0,0,1,0,54,212
14424,0,0,0,0,1,0,140,212
14436,1,0,0,0,1,0,107,212
14442,1,0,1,0,1,0,107,212
14448,0,0,1,0,1,0,8,212
14460,1,1,1,0,1,0,83,212
14470,1,1,1,0,1,0,83,60
14472,0,1,1,0,1,0,151,60
14480,0,0,1,0,1,0,151,60
14484,1,0,1,0,1,0,104,60
14496,0,0,1,0,1,0,155,60
14502,0,0,0,0,1,0,155,60
14508,0,0,0,0,1,0,60,60
14520,1,1,0,0,1,0,137,60
14526,1,1,1,0,1,0,137,60
14530,1,1,1,0,1,0,137,117
14532,0,1,1,0,1,0,56,117
14540,0,0,1,0,1,0,56,117
14544,0,0,1,0,1,0,25,117
14556,0,0,1,0,1,0,212,117
14562,0,0,0,0,1,0,212,117
14568,0,0,0,0,1,0,215,117
14580,0,1,0,0,1,0,211,117
14590,0,1,0,0,1,0,211,201
14592,1,1,0,0,1,0,177,201
14598,1,1,1,0,1,0,177,201
14600,1,0,1,0,1,0,177,201
14604,0,0,1,0,1,0,89,201
14616,0,0,1,0,1,0,255,201
14620,0,1,1,0,1,0,255,201
14622,0,1,0,0,1,0,255,201
14628,0,1,0,0,1,0,75,201
14630,0,1,0,0,1,0,75,211
14640,0,0,0,0,1,0,27,211
14652,0,0,0,0,1,0,4,211
14664,0,0,0,0,1,0,155,211
14676,1,0,0,0,1,0,54,211
14688,1,0,0,0,1,0,217,211
14694,1,0,1,0,1,0,217,211
14700,1,1,1,0,1,0,55,211
14710,1,1,1,0,1,0,55,148
14712,1,1,1,0,1,0,45,148
14724,1,1,1,0,1,0,245,148
14730,1,1,1,0,1,0,245,60
14736,0,1,1,0,1,0,157,60
14742,0,1,0,0,1,0,157,60
14748,1,1,0,0,1,0,0,60
14750,1,1,0,0,1,0,0,102
14754,1,1,1,0,1,0,0,102
14760,1,0,1,0,1,0,149,102
14766,1,0,0,0,1,0,149,102
14772,1,0,0,0,1,0,53,102
14784,0,0,0,0,1,0,187,102
14796,0,0,0,0,1,0,65,102
14800,0,1,0,0,1,0,65,102
14808,1,1,0,0,1,0,225,102
14810,1,1,0,0,1,0,225,201
14814,1,1,1,0,1,0,225,201
14820,0,0,1,0,1,0,216,201
14832,0,0,1,0,1,0,201,201
14838,0,0,0,0,1,0,201,201
14840,0,1,0,0,1,0,201,201
14844,1,1,0,0,1,0,131,201
14850,1,1,1,0,1,0,131,198
14856,0,1,1,0,1,0,73,198
14860,0,0,1,0,1,0,73,198
14868,1,0,1,0,1,0,179,198
14880,1,0,1,0,1,0,177,198
14886,1,0,0,0,1,0,177,198
14892,0,0,0,0,1,0,88,198
14900,0,1,0,0,1,0,88,198
14904,1,1,0,0,1,0,105,198
14910,1,1,1,0,1,0,105,172
14916,0,1,1,0,1,0,242,172
14928,0,1,1,0,1,0,151,172
14930,0,1,1,0,1,0,151,96
14940,1,0,1,0,1,0,17,96
14946,1,0,0,0,1,0,17,96
14952,0,0,0,0,1,0,250,96
14964,1,0,0,0,1,0,11,96
14976,1,0,0,0,1,0,85,96
14982,1,0,1,0,1,0,85,96
14988,0,0,1,0,1,0,5,96
15000,1,1,1,0,1,0,178,96
15010,1,1,1,0,1,0,178,151
15012,1,1,1,0,1,0,161,151
15020,1,0,1,0,1,0,161,151
15024,1,0,1,0,1,0,121,151
15036,1,0,1,0,1,0,43,151
15040,1,1,1,0,1,0,43,151
15042,1,1,0,0,1,0,43,151
15048,1,1,0,0,1,0,150,151
15050,1,1,0,0,1,0,150,242
15054,1,1,1,0,1,0,150,242
15060,1,0,1,0,1,0,149,242
15072,0,0,1,0,1,0,230,242
15078,0,0,0,0,1,0,230,242
15084,1,0,0,0,1,0,162,242
15090,1,0,1,0,1,0,162,242
15096,1,0,1,0,1,0,161,242
15108,1,0,1,0,1,0,190,242
15120,1,1,1,0,1,0,150,242
15130,1,1,1,0,1,0,150,210
15132,1,1,1,0,1,0,206,210
15144,1,1,1,0,1,0,192,210
15150,1,1,1,0,1,0,192,144
15156,1,1,1,0,1,0,225,144
15162,1,1,0,0,1,0,225,144
15168,1,1,0,0,1,0,103,144
15170,1,1,0,0,1,0,103,159
15174,1,1,1,0,1,0,103,159
15180,0,1,1,0,1,0,135,159
15186,0,1,0,0,1,0,135,159
15190,0,1,0,0,1,0,135,37
15192,1,1,0,0,1,0,19,37
15204,0,1,0,0,1,0,17,37
15210,0,1,0,0,1,0,17,92
15216,1,1,0,0,1,0,172,92
15228,0,1,0,0,1,0,58,92
15230,0,1,0,0,1,0,58,255
15240,0,1,0,0,1,0,169,255
15250,0,1,0,0,1,0,169,90
15252,1,1,0,0,1,0,120,90
15264,1,1,0,0,1,0,199,90
15270,1,1,0,0,1,0,199,108
15276,0,1,0,0,1,0,25,108
15280,0,0,0,0,1,0,25,108
15288,1,0,0,0,1,0,226,108
15300,0,0,0,0,1,0,87,108
15312,1,0,0,0,1,0,147,108
15324,1,0,0,0,1,0,92,108
15330,1,0,1,0,1,0,92,108
15336,1,0,1,0,1,0,127,108
15340,1,1,1,0,1,0,127,108
15348,0,1,1,0,1,0,200,108
15350,0,1,1,0,1,0,200,83
15360,1,1,1,0,1,0,238,83
15370,1,1,1,0,1,0,238,205
15372,1,1,1,0,1,0,175,205
15378,1,1,0,0,1,0,175,205
15380,1,0,0,0,1,0,175,205
15384,0,0,0,0,1,0,14,205
15396,0,0,0,0,1,0,97,205
15400,0,1,0,0,1,0,97,205
15408,1,1,0,0,1,0,145,205
15410,1,1,0,0,1,0,145,164
15420,0,1,0,0,1,0,132,164
15430,0,1,0,0,1,0,132,124
15432,0,1,0,0,1,0,81,124
15440,0,0,0,0,1,0,81,124
15444,1,0,0,0,1,0,89,124
15456,0,0,0,0,1,0,82,124
15468,1,0,0,0,1,0,51,124
15480,1,1,0,0,1,0,124,124
15486,1,1,1,0,1,0,124,124
15490,1,1,1,0,1,0,124,38
15492,1,1,1,0,1,0,152,38
15504,0,1,1,0,1,0,204,38
15510,0,1,1,0,1,0,204,149
15516,0,1,1,0,1,0,146,149
15522,0,1,0,0,1,0,146,149
15528,1,1,0,0,1,0,166,149
15530,1,1,0,0,1,0,166,25
15534,1,1,1,0,1,0,166,25
15540,1,0,1,0,1,0,66,25
15546,1,0,0,0,1,0,66,25
15552,0,0,0,0,1,0,42,25
15564,0,0,0,0,1,0,7,25
15576,0,0,0,0,1,0,185,25
15580,0,1,0,0,1,0,185,25
15588,0,1,0,0,1,0,203,25
15590,0,1,0,0,1,0,203,39
15600,1,1,0,0,1,0,242,39
15610,1,1,0,0,1,0,242,162
15612,0,1,0,0,1,0,117,162
15624,1,1,0,0,1,0,40,162
15630,1,1,0,0,1,0,40,33
15636,0,1,0,0,1,0,16,33
15640,0,0,0,0,1,0,16,33
15648,0,0,0,0,1,0,247,33
15660,1,0,0,0,1,0,123,33
15672,0,0,0,0,1,0,196,33
15684,1,0,0,0,1,0,229,33
15696,0,0,0,0,1,0,167,33
15708,0,0,0,0,1,0,30,33
15720,1,1,0,0,1,0,50,33
15726,1,1,1,0,1,0,50,33
15730,1,1,1,0,1,0,50,115
15732,0,1,1,0,1,0,184,115
15740,0,0,1,0,1,0,184,115
15744,1,0,1,0,1,0,171,115
15756,0,0,1,0,1,0,48,115
15760,0,1,1,0,1,0,48,115
15762,0,1,0,0,1,0,48,115
15768,0,1,0,0,1,0,68,115
15770,0,1,0,0,1,0,68,136
15780,1,0,0,0,1,0,93,136
15786,1,0,1,0,1,0,93,136
15792,0,0,1,0,1,0,170,136
15798,0,0,0,0,1,0,170,136
15800,0,1,0,0,1,0,170,136
15804,1,1,0,0,1,0,161,136
15810,1,1,1,0,1,0,161,188
15816,1,1,1,0,1,0,111,188
15820,1,0,1,0,1,0,111,188
15828,0,0,1,0,1,0,224,188
15840,1,1,1,0,1,0,119,188
15846,1,1,0,0,1,0,119,188
15850,1,1,0,0,1,0,119,76
15852,0,1,0,0,1,0,96,76
15864,1,1,0,0,1,0,87,76
15870,1,1,1,0,1,0,87,64
15876,1,1,1,0,1,0,2,64
15880,1,0,1,0,1,0,2,64
15882,1,0,0,0,1,0,2,64
15888,0,0,0,0,1,0,54,64
15900,1,0,0,0,1,0,124,64
15912,0,0,0,0,1,0,84,64
15920,0,1,0,0,1,0,84,64
15924,0,1,0,0,1,0,26,64
15930,0,1,0,0,1,0,26,118
15936,1,1,0,0,1,0,186,118
15942,1,1,1,0,1,0,186,118
15948,0,1,1,0,1,0,37,118
15950,0,1,1,0,1,0,37,181
15960,0,0,1,0,1,0,254,181
15966,0,0,0,0,1,0,254,181
15972,1,0,0,0,1,0,57,181
15984,1,0,0,0,1,0,136,181
15990,1,0,1,0,1,0,136,181
15996,0,0,1,0,1,0,14,181
16008,0,0,1,0,1,0,24,181
16020,1,0,1,0,1,0,236,181
16032,1,0,1,0,1,0,46,181
16044,0,0,1,0,1,0,156,181
16056,1,0,1,0,1,0,198,181
16060,1,1,1,0,1,0,198,181
16068,0,1,1,0,1,0,231,181
16070,0,1,1,0,1,0,231,243
16080,1,1,1,0,1,0,194,243
16090,1,1,1,0,1,0,194,241
16092,1,1,1,0,1,0,244,241
16098,1,1,0,0,1,0,244,241
16100,1,0,0,0,1,0,244,241
16104,0,0,0,0,1,0,99,241
16116,1,0,0,0,1,0,198,241
16120,1,1,0,0,1,0,198,241
16128,1,1,0,0,1,0,118,241
16130,1,1,0,0,1,0,118,170
16134,1,1,1,0,1,0,118,170
16140,0,0,1,0,1,0,5,170
16152,1,0,1,0,1,0,141,170
16158,1,0,0,0,1,0,141,170
16164,0,0,0,0,1,0,149,170
16176,0,0,0,0,1,0,89,170
16180,0,1,0,0,1,0,89,170
16188,1,1,0,0,1,0,224,170
16190,1,1,0,0,1,0,224,145
16194,1,1,1,0,1,0,224,145
16200,1,1,1,0,1,0,105,145
16210,1,1,1,0,1,0,105,5
16212,0,1,1,0,1,0,103,5
16218,0,1,0,0,1,0,103,5
16220,0,0,0,0,1,0,103,5
16224,0,0,0,0,1,0,168,5
16236,1,0,0,0,1,0,116,5
16248,0,0,0,0,1,0,20,5
16260,0,0,0,0,1,0,244,5
16272,0,0,0,0,1,0,43,5
16284,0,0,0,0,1,0,194,5
16296,0,0,0,0,1,0,134,5
16308,1,0,0,0,1,0,2,5
16314,1,0,1,0,1,0,2,5
16320,1,0,1,0,1,0,181,5
16332,1,0,1,0,1,0,197,5
16340,1,1,1,0,1,0,197,5
16344,0,1,1,0,1,0,62,5
16350,0,1,1,0,1,0,62,193
16356,0,1,1,0,1,0,179,193
16360,0,0,1,0,1,0,179,193
16368,1,0,1,0,1,0,42,193
16380,1,0,1,0,1,0,211,193
16386,1,0,0,0,1,0,211,193
16392,1,0,0,0,1,0,224,193
16398,1,0,1,0,1,0,224,193
16400,1,1,1,0,1,0,224,193
16404,0,1,1,0,1,0,57,193
16410,0,1,1,0,1,0,57,162
16416,1,1,1,0,1,0,17,162
16420,1,0,1,0,1,0,17,162
16428,0,0,1,0,1,0,193,162
16440,1,0,1,0,1,0,148,162
16446,1,0,0,0,1,0,148,162
16452,0,0,0,0,1,0,108,162
16460,0,1,0,0,1,0,108,162
16464,1,1,0,0,1,0,46,162
16470,1,1,1,0,1,0,46,132
16476,0,1,1,0,1,0,190,132
16488,1,1,1,0,1,0,13,132
16490,1,1,1,0,1,0,13,207
16500,1,0,1,0,1,0,158,207
16506,1,0,0,0,1,0,158,207
16512,1,0,0,0,1,0,120,207
16524,0,0,0,0,1,0,87,207
16536,0,0,0,0,1,0,237,207
16540,0,1,0,0,1,0,237,207
16548,1,1,0,0,1,0,31,207
16550,1,1,0,0,1,0,31,192
16554,1,1,1,0,1,0,31,192
16560,0,1,1,0,1,0,206,192
16570,0,1,1,0,1,0,206,15
16572,0,1,1,0,1,0,78,15
16578,0,1,0,0,1,0,78,15
16580,0,0,0,0,1,0,78,15
16584,1,0,0,0,1,0,99,15
16590,1,0,1,0,1,0,99,15
16596,1,0,1,0,1,0,193,15
16600,1,1,1,0,1,0,193,15
16602,1,1,0,0,1,0,193,15
16608,1,1,0,0,1,0,220,15
16610,1,1,0,0,1,0,220,193
16614,1,1,1,0,1,0,220,193
16620,1,0,1,0,1,0,219,193
16632,0,0,1,0,1,0,180,193
16638,0,0,0,0,1,0,180,193
16640,0,1,0,0,1,0,180,193
16644,1,1,0,0,1,0,137,193
16650,1,1,1,0,1,0,137,90
16656,0,1,1,0,1,0,203,90
16660,0,0,1,0,1,0,203,90
16668,1,0,1,0,1,0,154,90
16680,0,1,1,0,1,0,183,90
16686,0,1,0,0,1,0,183,90
16690,0,1,0,0,1,0,183,102
16692,0,1,0,0,1,0,185,102
16700,0,0,0,0,1,0,185,102
16704,1,0,0,0,1,0,189,102
16710,1,0,1,0,1,0,189,102
16716,1,0,1,0,1,0,39,102
16720,1,1,1,0,1,0,39,102
16722,1,1,0,0,1,0,39,102
16728,1,1,0,0,1,0,136,102
16730,1,1,0,0,1,0,136,41
16734,1,1,1,0,1,0,136,41
16740,1,1,1,0,1,0,252,41
16750,1,1,1,0,1,0,252,174
16752,1,1,1,0,1,0,161,174
16758,1,1,0,0,1,0,161,174
16760,1,0,0,0,1,0,161,174
16764,1,0,0,0,1,0,171,174
16770,1,0,1,0,1,0,171,174
16776,0,0,1,0,1,0,21,174
16782,0,0,0,0,1,0,21,174
16788,0,0,0,0,1,0,247,174
16800,0,0,0,0,1,0,7,174
16812,0,0,0,0,1,0,141,174
16820,0,1,0,0,1,0,141,174
16824,1,1,0,0,1,0,69,174
16830,1,1,1,0,1,0,69,249
16836,0,1,1,0,1,0,127,249
16848,0,1,1,0,1,0,64,249
16850,0,1,1,0,1,0,64,49
16860,1,1,1,0,1,0,145,49
16866,1,1,0,0,1,0,145,49
16870,1,1,0,0,1,0,145,45
16872,0,1,0,0,1,0,40,45
16884,0,1,0,0,1,0,48,45
16890,0,1,0,0,1,0,48,50
16896,0,1,0,0,1,0,98,50
16908,0,1,0,0,1,0,254,50
16910,0,1,0,0,1,0,254,140
16920,0,0,0,0,1,0,228,140
16932,0,0,0,0,1,0,98,140
16944,0,0,0,0,1,0,21,140
16956,1,0,0,0,1,0,145,140
16968,0,0,0,0,1,0,244,140
16980,0,0,0,0,1,0,221,140
16992,1,0,0,0,1,0,13,140
17004,0,0,0,0,1,0,243,140
17016,0,0,0,0,1,0,202,140
17020,0,1,0,0,1,0,202,140
17028,1,1,0,0,1,0,137,140
17030,1,1,0,0,1,0,137,6
17040,1,1,0,0,1,0,114,6
17050,1,1,0,0,1,0,114,123
17052,0,1,0,0,1,0,166,123
17060,0,0,0,0,1,0,166,123
17064,0,0,0,0,1,0,82,123
17076,1,0,0,0,1,0,251,123
17088,0,0,0,0,1,0,67,123
17100,0,0,0,0,1,0,42,123
17112,0,0,0,0,1,0,193,123
17120,0,1,0,0,1,0,193,123
17124,0,1,0,0,1,0,173,123
17130,0,1,0,0,1,0,173,222
17136,1,1,0,0,1,0,38,222
17148,0,1,0,0,1,0,188,222
17150,0,1,0,0,1,0,188,188
17160,0,1,0,0,1,0,96,188
17170,0,1,0,0,1,0,96,107
17172,1,1,0,0,1,0,223,107
17184,1,1,0,0,1,0,43,107
17190,1,1,0,0,1,0,43,137
17196,1,1,0,0,1,0,50,137
17200,1,0,0,0,1,0,50,137
17208,0,0,0,0,1,0,79,137
17220,1,0,0,0,1,0,29,137
17232,1,0,0,0,1,0,146,137
17238,1,0,1,0,1,0,146,137
17244,1,0,1,0,1,0,187,137
17256,1,0,1,0,1,0,31,137
17268,0,0,1,0,1,0,166,137
17280,1,1,1,0,1,0,144,137
17290,1,1,1,0,1,0,144,177
17292,1,1,1,0,1,0,221,177
17304,0,1,1,0,1,0,249,177
17310,0,1,1,0,1,0,249,54
17316,0,1,1,0,1,0,113,54
17320,0,0,1,0,1,0,113,54
17322,0,0,0,0,1,0,113,54
17328,1,0,0,0,1,0,151,54
17334,1,0,1,0,1,0,151,54
17340,0,0,1,0,1,0,44,54
17346,0,0,0,0,1,0,44,54
17352,1,0,0,0,1,0,69,54
17358,1,0,1,0,1,0,69,54
17364,0,0,1,0,1,0,228,54
17376,1,0,1,0,1,0,59,54
17388,1,0,1,0,1,0,206,54
17400,1,0,1,0,1,0,94,54
17412,0,0,1,0,1,0,198,54
17424,1,0,1,0,1,0,226,54
17436,1,0,1,0,1,0,151,54
17440,1,1,1,0,1,0,151,54
17448,0,1,1,0,1,0,201,54
17450,0,1,1,0,1,0,201,217
17460,1,1,1,0,1,0,84,217
17470,1,1,1,0,1,0,84,0
17472,0,1,1,0,1,0,247,0
17478,0,1,0,0,1,0,247,0
17480,0,0,0,0,1,0,247,0
17484,0,0,0,0,1,0,206,0
17496,1,0,0,0,1,0,11,0
17500,1,1,0,0,1,0,11,0
17508,1,1,0,0,1,0,174,0
17510,1,1,0,0,1,0,174,53
17514,1,1,1,0,1,0,174,53
17520,0,0,1,0,1,0,126,53
17532,1,0,1,0,1,0,4,53
17538,1,0,0,0,1,0,4,53
17540,1,1,0,0,1,0,4,53
17544,0,1,0,0,1,0,191,53
17550,0,1,0,0,1,0,191,225
17556,0,1,0,0,1,0,215,225
17560,0,0,0,0,1,0,215,225
17568,0,0,0,0,1,0,46,225
17580,0,0,0,0,1,0,24,225
17592,0,0,0,0,1,0,206,225
17600,0,1,0,0,1,0,206,225
17604,0,1,0,0,1,0,18,225
17610,0,1,0,0,1,0,18,131
17616,0,1,0,0,1,0,5,131
17620,0,0,0,0,1,0,5,131
17628,0,0,0,0,1,0,188,131
17640,1,0,0,0,1,0,108,131
17652,0,0,0,0,1,0,117,131
17664,1,0,0,0,1,0,157,131
17676,0,0,0,0,1,0,141,131
17680,0,1,0,0,1,0,141,131
17688,1,1,0,0,1,0,169,131
17690,1,1,0,0,1,0,169,105
17694,1,1,1,0,1,0,169,105
17700,1,0,1,0,1,0,179,105
17712,1,0,1,0,1,0,150,105
17718,1,0,0,0,1,0,150,105
17724,1,0,0,0,1,0,50,105
17730,1,0,1,0,1,0,50,105
17736,1,0,1,0,1,0,168,105
17748,0,0,1,0,1,0,96,105
17760,0,1,1,0,1,0,180,105
17770,0,1,1,0,1,0,180,11
17772,0,1,1,0,1,0,64,11
17780,0,0,1,0,1,0,64,11
17784,1,0,1,0,1,0,186,11
17796,1,0,1,0,1,0,115,11
17800,1,1,1,0,1,0,115,11
17802,1,1,0,0,1,0,115,11
17808,0,1,0,0,1,0,111,11
17810,0,1,0,0,1,0,111,85
17820,0,1,0,0,1,0,233,85
17830,0,1,0,0,1,0,233,150
17832,1,1,0,0,1,0,124,150
17840,1,0,0,0,1,0,124,150
17844,1,0,0,0,1,0,52,150
17850,1,0,1,0,1,0,52,150
17856,0,0,1,0,1,0,99,150
17862,0,0,0,0,1,0,99,150
17868,1,0,0,0,1,0,246,150
17874,1,0,1,0,1,0,246,150
17880,0,0,1,0,1,0,130,150
17892,1,0,1,0,1,0,86,150
17900,1,1,1,0,1,0,86,150
17904,1,1,1,0,1,0,197,150
17910,1,1,1,0,1,0,197,162
17916,0,1,1,0,1,0,1,162
17920,0,0,1,0,1,0,1,162
17928,0,0,1,0,1,0,175,162
17940,0,0,1,0,1,0,9,162
17946,0,0,0,0,1,0,9,162
17952,0,0,0,0,1,0,233,162
17960,0,1,0,0,1,0,233,162
17964,0,1,0,0,1,0,157,162
17970,0,1,0,0,1,0,157,103
17976,0,1,0,0,1,0,228,103
17980,0,0,0,0,1,0,228,103
17988,1,0,0,0,1,0,26,103
17994,1,0,1,0,1,0,26,103
18000,1,0,1,0,1,0,8,103
18006,1,0,0,0,1,0,8,103
18012,0,0,0,0,1,0,99,103
18020,0,1,0,0,1,0,99,103
18024,0,1,0,0,1,0,66,103
18030,0,1,0,0,1,0,66,19
18036,1,1,0,0,1,0,30,19
18042,1,1,1,0,1,0,30,19
18048,1,1,1,0,1,0,164,19
18050,1,1,1,0,1,0,164,172
18060,0,1,1,0,1,0,74,172
18066,0,1,0,0,1,0,74,172
18070,0,1,0,0,1,0,74,120
18072,1,1,0,0,1,0,78,120
18080,1,0,0,0,1,0,78,120
18084,0,0,0,0,1,0,56,120
18096,1,0,0,0,1,0,104,120
18108,1,0,0,0,1,0,228,120
18114,1,0,1,0,1,0,228,120
18120,1,0,1,0,1,0,66,120
18132,1,0,1,0,1,0,57,120
18140,1,1,1,0,1,0,57,120
18144,1,1,1,0,1,0,185,120
18150,1,1,1,0,1,0,185,199
18156,1,1,1,0,1,0,119,199
18168,0,1,1,0,1,0,158,199
18170,0,1,1,0,1,0,158,226
18180,1,1,1,0,1,0,165,226
18186,1,1,0,0,1,0,165,226
18190,1,1,0,0,1,0,165,147
18192,0,1,0,0,1,0,167,147
18200,0,0,0,0,1,0,167,147
18204,0,0,0,0,1,0,37,147
18216,0,0,0,0,1,0,240,147
18228,0,0,0,0,1,0,139,147
18240,1,0,0,0,1,0,237,147
18252,1,0,0,0,1,0,63,147
18260,1,1,0,0,1,0,63,147
18264,0,1,0,0,1,0,15,147
18270,0,1,0,0,1,0,15,92
18276,0,1,0,0,1,0,158,92
18280,0,0,0,0,1,0,158,92
18288,1,0,0,0,1,0,196,92
18294,1,0,1,0,1,0,196,92
18300,0,1,1,0,1,0,138,92
18306,0,1,0,0,1,0,138,92
18310,0,1,0,0,1,0,138,145
18312,1,1,0,0,1,0,17,145
18318,1,1,1,0,1,0,17,145
18320,1,0,1,0,1,0,17,145
18324,0,0,1,0,1,0,242,145
18336,1,0,1,0,1,0,157,145
18340,1,1,1,0,1,0,157,145
18342,1,1,0,0,1,0,157,145
18348,1,1,0,0,1,0,79,145
18350,1,1,0,0,1,0,79,89
18354,1,1,1,0,1,0,79,89
18360,1,1,1,0,1,0,248,89
18370,1,1,1,0,1,0,248,51
18372,0,1,1,0,1,0,196,51
18378,0,1,0,0,1,0,196,51
18380,0,0,0,0,1,0,196,51
18384,1,0,0,0,1,0,53,51
18390,1,0,1,0,1,0,53,51
18396,0,0,1,0,1,0,188,51
18400,0,1,1,0,1,0,188,51
18402,0,1,0,0,1,0,188,51
18408,0,1,0,0,1,0,162,51
18410,0,1,0,0,1,0,162,124
18420,1,0,0,0,1,0,34,124
18426,1,0,1,0,1,0,34,124
18432,0,0,1,0,1,0,78,124
18438,0,0,0,0,1,0,78,124
18440,0,1,0,0,1,0,78,124
18444,1,1,0,0,1,0,28,124
18450,1,1,1,0,1,0,28,166
18456,1,1,1,0,1,0,36,166
18460,1,0,1,0,1,0,36,166
18468,1,0,1,0,1,0,227,166
18480,0,1,1,0,1,0,56,166
18486,0,1,0,0,1,0,56,166
18490,0,1,0,0,1,0,56,242
18492,0,1,0,0,1,0,209,242
18500,0,0,0,0,1,0,209,242
18504,0,0,0,0,1,0,72,242
18516,1,0,0,0,1,0,170,242
18520,1,1,0,0,1,0,170,242
18528,1,1,0,0,1,0,246,242
18530,1,1,0,0,1,0,246,40
18534,1,1,1,0,1,0,246,40
18540,0,1,1,0,1,0,157,40
18550,0,1,1,0,1,0,157,123
18552,0,1,1,0,1,0,15,123
18558,0,1,0,0,1,0,15,123
18564,0,1,0,0,1,0,222,123
18570,0,1,0,0,1,0,222,229
18576,0,1,0,0,1,0,218,229
18580,0,0,0,0,1,0,218,229
18588,1,0,0,0,1,0,208,229
18600,1,0,0,0,1,0,110,229
18612,0,0,0,0,1,0,207,229
18620,0,1,0,0,1,0,207,229
18624,0,1,0,0,1,0,83,229
18630,0,1,0,0,1,0,83,50
18636,1,1,0,0,1,0,107,50
18642,1,1,1,0,1,0,107,50
18648,1,1,1,0,1,0,48,50
18650,1,1,1,0,1,0,48,93
18660,0,0,1,0,1,0,141,93
18666,0,0,0,0,1,0,141,93
18672,1,0,0,0,1,0,107,93
18684,0,0,0,0,1,0,95,93
18696,0,0,0,0,1,0,239,93
18700,0,1,0,0,1,0,239,93
18708,0,1,0,0,1,0,127,93
18710,0,1,0,0,1,0,127,161
18720,0,1,0,0,1,0,21,161
18730,0,1,0,0,1,0,21,87
18732,0,1,0,0,1,0,3,87
18740,0,0,0,0,1,0,3,87
18744,0,0,0,0,1,0,19,87
18756,0,0,0,0,1,0,228,87
18760,0,1,0,0,1,0,228,87
18768,1,1,0,0,1,0,199,87
18770,1,1,0,0,1,0,199,124
18780,1,0,0,0,1,0,204,124
18792,0,0,0,0,1,0,104,124
18800,0,1,0,0,1,0,104,124
18804,1,1,0,0,1,0,13,124
18810,1,1,0,0,1,0,13,186
18816,0,1,0,0,1,0,166,186
18828,1,1,0,0,1,0,111,186
18830,1,1,0,0,1,0,111,57
18834,1,1,1,0,1,0,111,57
18840,1,0,1,0,1,0,61,57
18846,1,0,0,0,1,0,61,57
18852,0,0,0,0,1,0,33,57
18864,0,0,0,0,1,0,207,57
18876,0,0,0,0,1,0,54,57
18880,0,1,0,0,1,0,54,57
18888,0,1,0,0,1,0,151,57
18890,0,1,0,0,1,0,151,136
18900,1,0,0,0,1,0,21,136
18912,1,0,0,0,1,0,144,136
18924,0,0,0,0,1,0,93,136
18936,0,0,0,0,1,0,135,136
18940,0,1,0,0,1,0,135,136
18948,1,1,0,0,1,0,117,136
18950,1,1,0,0,1,0,117,198
18954,1,1,1,0,1,0,117,198
18960,0,0,1,0,1,0,28,198
18972,0,0,1,0,1,0,48,198
18978,0,0,0,0,1,0,48,198
18984,1,0,0,0,1,0,209,198
18990,1,0,1,0,1,0,209,198
18996,0,0,1,0,1,0,143,198
19008,1,0,1,0,1,0,12,198
19020,0,1,1,0,1,0,47,198
19030,0,1,1,0,1,0,47,118
19032,1,1,1,0,1,0,102,118
19040,1,0,1,0,1,0,102,118
19044,1,0,1,0,1,0,51,118
19056,0,0,1,0,1,0,91,118
19060,0,1,1,0,1,0,91,118
19062,0,1,0,0,1,0,91,118
19068,1,1,0,0,1,0,143,118
19070,1,1,0,0,1,0,143,224
19074,1,1,1,0,1,0,143,224
19080,0,1,1,0,1,0,34,224
19090,0,1,1,0,1,0,34,116
19092,1,1,1,0,1,0,217,116
19098,1,1,0,0,1,0,217,116
19104,1,1,0,0,1,0,57,116
19110,1,1,1,0,1,0,57,2
19116,1,1,1,0,1,0,65,2
19120,1,0,1,0,1,0,65,2
19122,1,0,0,0,1,0,65,2
19128,1,0,0,0,1,0,186,2
19134,1,0,1,0,1,0,186,2
19140,0,1,1,0,1,0,252,2
19146,0,1,0,0,1,0,252,2
19150,0,1,0,0,1,0,252,224
19152,1,1,0,0,1,0,59,224
19158,1,1,1,0,1,0,59,224
19160,1,0,1,0,1,0,59,224
19164,1,0,1,0,1,0,231,224
19176,1,0,1,0,1,0,190,224
19182,1,0,0,0,1,0,190,224
19188,1,0,0,0,1,0,23,224
19194,1,0,1,0,1,0,23,224
19200,0,1,1,0,1,0,224,224
19210,0,1,1,0,1,0,224,46
19212,0,1,1,0,1,0,62,46
19220,0,0,1,0,1,0,62,46
19224,1,0,1,0,1,0,106,46
19236,0,0,1,0,1,0,45,46
19240,0,1,1,0,1,0,45,46
19242,0,1,0,0,1,0,45,46
19248,0,1,0,0,1,0,140,46
19250,0,1,0,0,1,0,140,120
19260,0,0,0,0,1,0,3,120
19272,0,0,0,0,1,0,60,120
19284,0,0,0,0,1,0,11,120
19296,1,0,0,0,1,0,99,120
19300,1,1,0,0,1,0,99,120
19308,1,1,0,0,1,0,44,120
19310,1,1,0,0,1,0,44,31
19314,1,1,1,0,1,0,44,31
19320,0,1,1,0,1,0,89,31
19330,0,1,1,0,1,0,89,99
19332,0,1,1,0,1,0,208,99
19338,0,1,0,0,1,0,208,99
19340,0,0,0,0,1,0,208,99
19344,1,0,0,0,1,0,45,99
19350,1,0,1,0,1,0,45,99
19356,1,0,1,0,1,0,4,99
19360,1,1,1,0,1,0,4,99
19362,1,1,0,0,1,0,4,99
19368,0,1,0,0,1,0,41,99
19370,0,1,0,0,1,0,41,220
19380,1,1,0,0,1,0,30,220
19386,1,1,1,0,1,0,30,220
19390,1,1,1,0,1,0,30,137
19392,0,1,1,0,1,0,84,137
19398,0,1,0,0,1,0,84,137
19404,0,1,0,0,1,0,100,137
19410,0,1,0,0,1,0,100,189
19416,0,1,0,0,1,0,217,189
19428,0,1,0,0,1,0,187,189
19430,0,1,0,0,1,0,187,136
19440,0,0,0,0,1,0,10,136
19452,1,0,0,0,1,0,92,136
19464,0,0,0,0,1,0,95,136
19476,0,0,0,0,1,0,208,136
19488,1,0,0,0,1,0,198,136
19500,1,0,0,0,1,0,47,136
19512,1,0,0,0,1,0,204,136
19518,1,0,1,0,1,0,204,136
19520,1,1,1,0,1,0,204,136
19524,1,1,1,0,1,0,191,136
19530,1,1,1,0,1,0,191,171
19536,1,1,1,0,1,0,118,171
19548,0,1,1,0,1,0,103,171
19550,0,1,1,0,1,0,103,69
19560,0,0,1,0,1,0,182,69
19566,0,0,0,0,1,0,182,69
19572,0,0,0,0,1,0,108,69
19584,0,0,0,0,1,0,122,69
19596,1,0,0,0,1,0,206,69
19608,0,0,0,0,1,0,168,69
19620,0,1,0,0,1,0,118,69
19630,0,1,0,0,1,0,118,145
19632,1,1,0,0,1,0,157,145
19638,1,1,1,0,1,0,157,145
19640,1,0,1,0,1,0,157,145
19644,0,0,1,0,1,0,245,145
19656,1,0,1,0,1,0,199,145
19662,1,0,0,0,1,0,199,145
19668,0,0,0,0,1,0,2,145
19680,0,1,0,0,1,0,50,145
19690,0,1,0,0,1,0,50,13
19692,1,1,0,0,1,0,154,13
19698,1,1,1,0,1,0,154,13
19704,0,1,1,0,1,0,195,13
19710,0,1,1,0,1,0,195,137
19716,1,1,1,0,1,0,230,137
19722,1,1,0,0,1,0,230,137
19728,1,1,0,0,1,0,182,137
19730,1,1,0,0,1,0,182,114
19734,1,1,1,0,1,0,182,114
19740,1,0,1,0,1,0,239,114
19746,1,0,0,0,1,0,239,114
19752,1,0,0,0,1,0,58,114
19764,0,0,0,0,1,0,36,114
19776,1,0,0,0,1,0,123,114
19782,1,0,1,0,1,0,123,114
19788,0,0,1,0,1,0,213,114
19800,0,1,1,0,1,0,65,114
19810,0,1,1,0,1,0,65,251
19812,1,1,1,0,1,0,35,251
19824,1,1,1,0,1,0,106,251
19830,1,1,1,0,1,0,106,38
19836,1,1,1,0,1,0,189,38
19842,1,1,0,0,1,0,189,38
19848,0,1,0,0,1,0,131,38
19850,0,1,0,0,1,0,131,223
19860,1,0,0,0,1,0,27,223
19872,1,0,0,0,1,0,88,223
19880,1,1,0,0,1,0,88,223
19884,1,1,0,0,1,0,91,223
19890,1,1,1,0,1,0,91,43
19896,0,1,1,0,1,0,67,43
19900,0,0,1,0,1,0,67,43
19908,1,0,1,0,1,0,93,43
19920,0,0,1,0,1,0,93,43
19926,0,0,0,0,1,0,93,43
19932,1,0,0,0,1,0,178,43
19938,1,0,1,0,1,0,178,43
19944,0,0,1,0,1,0,212,43
19956,0,0,1,0,1,0,22,43
19968,0,0,1,0,1,0,255,43
19980,0,1,1,0,1,0,166,43
19990,0,1,1,0,1,0,166,50
19992,1,1,1,0,1,0,222,50
20000,1,0,0,1,0,1,222,50
20004,1,0,0,1,0,1,63,50
20016,0,0,0,1,0,1,135,50
20028,1,0,0,1,0,1,41,50
20040,0,1,0,1,0,1,149,50
20052,0,1,0,1,0,1,187,50
20060,0,0,0,1,0,1,187,50
20064,1,0,0,1,0,1,67,50
20076,1,0,0,1,0,1,212,50
20088,0,0,0,1,0,1,74,50
20100,1,0,0,1,0,1,111,50
20112,0,0,0,1,0,1,3,50
20124,0,0,0,1,0,1,125,50
20136,1,0,0,1,0,1,252,50
20148,1,0,0,1,0,1,197,50
20160,0,0,0,1,0,1,165,50
20172,1,0,0,1,0,1,110,50
20180,1,1,0,1,0,1,110,50
20184,0,1,0,1,0,1,98,50
20196,1,1,0,1,0,1,255,50
20208,1,1,0,1,0,1,49,50
20220,1,1,0,1,0,1,123,50
20232,1,1,0,1,0,1,65,50
20240,1,0,0,1,0,1,65,50
20244,0,0,0,1,0,1,145,50
20256,0,0,0,1,0,1,14,50
20268,0,0,0,1,0,1,97,50
20280,0,1,0,1,0,1,14,50
20292,1,1,0,1,0,1,228,50
20300,1,0,0,1,0,1,228,50
20304,1,0,0,1,0,1,104,50
20316,1,0,0,1,0,1,45,50
20320,1,1,0,1,0,1,45,50
20328,0,1,0,1,0,1,16,50
20340,1,0,0,1,0,1,180,50
20352,1,0,0,1,0,1,197,50
20360,1,1,0,1,0,1,197,50
20364,0,1,0,1,0,1,246,50
20376,1,1,0,1,0,1,84,50
20388,1,1,0,1,0,1,93,50
20400,0,0,0,1,0,1,40,50
20412,0,0,0,1,0,1,24,50
20420,0,1,0,1,0,1,24,50
20424,0,1,0,1,0,1,214,50
20436,1,1,0,1,0,1,43,50
20448,0,1,0,1,0,1,253,50
20460,1,1,0,1,0,1,145,50
20472,0,1,0,1,0,1,127,50
20484,1,1,0,1,0,1,27,50
20496,0,1,0,1,0,1,40,50
20500,0,0,0,1,0,1,40,50
20508,1,0,0,1,0,1,106,50
20520,1,0,0,1,0,1,16,50
20532,0,0,0,1,0,1,154,50
20540,0,1,0,1,0,1,154,50
20544,0,1,0,1,0,1,177,50
20556,0,1,0,1,0,1,43,50
20568,0,1,0,1,0,1,69,50
20580,0,0,0,1,0,1,116,50
20592,0,0,0,1,0,1,20,50
20604,1,0,0,1,0,1,39,50
20616,1,0,0,1,0,1,116,50
20628,1,0,0,1,0,1,254,50
20640,1,1,0,1,0,1,59,50
20652,1,1,0,1,0,1,198,50
20664,1,1,0,1,0,1,205,50
20676,0,1,0,1,0,1,203,50
20688,1,1,0,1,0,1,134,50
20700,0,0,0,1,0,1,83,50
20712,0,0,0,1,0,1,0,50
20720,0,1,0,1,0,1,0,50
20724,0,1,0,1,0,1,149,50
20736,0,1,0,1,0,1,183,50
20740,0,0,0,1,0,1,183,50
20748,1,0,0,1,0,1,192,50
20760,0,1,0,1,0,1,140,50
20772,0,1,0,1,0,1,222,50
20780,0,0,0,1,0,1,222,50
20784,1,0,0,1,0,1,132,50
20796,0,0,0,1,0,1,179,50
20808,1,0,0,1,0,1,130,50
20820,1,0,0,1,0,1,157,50
20832,0,0,0,1,0,1,135,50
20840,0,1,0,1,0,1,135,50
20844,0,1,0,1,0,1,219,50
20856,0,1,0,1,0,1,94,50
20860,0,0,0,1,0,1,94,50
20868,0,0,0,1,0,1,240,50
20880,0,1,0,1,0,1,55,50
20892,0,1,0,1,0,1,81,50
20900,0,0,0,1,0,1,81,50
20904,0,0,0,1,0,1,15,50
20916,1,0,0,1,0,1,88,50
20920,1,1,0,1,0,1,88,50
20928,0,1,0,1,0,1,248,50
20940,0,1,0,1,0,1,115,50
20952,0,1,0,1,0,1,194,50
20964,1,1,0,1,0,1,76,50
20976,1,1,0,1,0,1,221,50
20980,1,0,0,1,0,1,221,50
20988,0,0,0,1,0,1,54,50
21000,1,0,0,1,0,1,125,50
21012,1,0,0,1,0,1,48,50
21024,1,0,0,1,0,1,154,50
21036,1,0,0,1,0,1,138,50
21040,1,1,0,1,0,1,138,50
21048,0,1,0,1,0,1,100,50
21050,0,1,0,0,0,1,100,50
21060,1,0,0,0,0,1,172,50
21072,0,0,0,0,0,1,169,50
21080,0,1,0,0,0,1,169,50
21084,0,1,0,0,0,1,6,50
21090,0,1,0,0,0,1,6,125
21096,1,1,0,0,0,1,82,125
21100,1,0,0,0,0,1,82,125
21108,1,0,0,0,0,1,218,125
21120,0,1,0,0,0,1,6,125
21130,0,1,0,0,0,1,6,48
21132,0,1,0,0,0,1,88,48
21140,0,0,0,0,0,1,88,48
21144,0,0,0,0,0,1,0,48
21156,1,0,0,0,0,1,198,48
21160,1,1,0,0,0,1,198,48
21168,1,1,0,0,0,1,42,48
21170,1,1,0,0,0,1,42,154
21180,0,0,0,0,0,1,187,154
21192,0,0,0,0,0,1,126,154
21200,0,1,0,0,0,1,126,154
21204,1,1,0,0,0,1,38,154
21210,1,1,0,0,0,1,38,138
21216,0,1,0,0,0,1,251,138
21220,0,0,0,0,0,1,251,138
21228,1,0,0,0,0,1,207,138
21240,1,0,0,0,0,1,192,138
21252,1,0,0,0,0,1,75,138
21260,1,1,0,0,0,1,75,138
21264,0,1,0,0,0,1,183,138
21270,0,1,0,0,0,1,183,172
21276,0,1,0,0,0,1,197,172
21280,0,0,0,0,0,1,197,172
21288,0,0,0,0,0,1,208,172
21300,1,0,0,0,0,1,133,172
21312,0,0,0,0,0,1,84,172
21320,0,1,0,0,0,1,84,172
21324,1,1,0,0,0,1,115,172
21330,1,1,0,0,0,1,115,82
21336,1,1,0,0,0,1,173,82
21348,0,1,0,0,0,1,189,82
21350,0,1,0,0,0,1,189,218
21360,0,1,0,0,0,1,150,218
21370,0,1,0,0,0,1,150,198
21372,0,1,0,0,0,1,199,198
21384,1,1,0,0,0,1,43,198
21390,1,1,0,0,0,1,43,42
21396,1,1,0,0,0,1,215,42
21400,1,0,0,0,0,1,215,42
21408,1,0,0,0,0,1,55,42
21420,0,0,0,0,0,1,191,42
21432,1,0,0,0,0,1,245,42
21444,1,0,0,0,0,1,252,42
21456,1,0,0,0,0,1,255,42
21460,1,1,0,0,0,1,255,42
21468,0,1,0,0,0,1,215,42
21470,0,1,0,0,0,1,215,38
21480,0,0,0,0,0,1,99,38
21492,0,0,0,0,0,1,51,38
21500,0,1,0,0,0,1,51,38
21504,0,1,0,0,0,1,204,38
21510,0,1,0,0,0,1,204,207
21516,1,1,0,0,0,1,242,207
21520,1,0,0,0,0,1,242,207
21528,1,0,0,0,0,1,243,207
21540,0,0,0,0,0,1,83,207
21552,0,0,0,0,0,1,25,207
21564,1,0,0,0,0,1,96,207
21576,0,0,0,0,0,1,185,207
21580,0,1,0,0,0,1,185,207
21588,0,1,0,0,0,1,132,207
21590,0,1,0,0,0,1,132,192
21600,0,1,0,0,0,1,50,192
21610,0,1,0,0,0,1,50,75
21612,1,1,0,0,0,1,20,75
21620,1,0,0,0,0,1,20,75
21624,1,0,0,0,0,1,116,75
21636,0,0,0,0,0,1,201,75
21648,1,0,0,0,0,1,141,75
21660,0,0,0,0,0,1,243,75
21672,1,0,0,0,0,1,97,75
21680,1,1,0,0,0,1,97,75
21684,0,1,0,0,0,1,253,75
21690,0,1,0,0,0,1,253,133
21696,0,1,0,0,0,1,249,133
21700,0,0,0,0,0,1,249,133
21708,1,0,0,0,0,1,52,133
21720,0,0,0,0,0,1,248,133
21732,0,0,0,0,0,1,154,133
21744,0,0,0,0,0,1,166,133
21756,1,0,0,0,0,1,198,133
21768,1,0,0,0,0,1,85,133
21780,0,0,0,0,0,1,255,133
21792,1,0,0,0,0,1,41,133
21800,1,1,0,0,0,1,41,133
21804,1,1,0,0,0,1,165,133
21810,1,1,0,0,0,1,165,115
21816,0,1,0,0,0,1,23,115
21820,0,0,0,0,0,1,23,115
21828,0,0,0,0,0,1,104,115
21840,0,0,0,0,0,1,251,115
21852,1,0,0,0,0,1,46,115
21860,1,1,0,0,0,1,46,115
21864,1,1,0,0,0,1,30,115
21870,1,1,0,0,0,1,30,173
21876,0,1,0,0,0,1,165,173
21880,0,0,0,0,0,1,165,173
21888,0,0,0,0,0,1,70,173
21900,1,1,0,0,0,1,118,173
21910,1,1,0,0,0,1,118,43
21912,0,1,0,0,0,1,73,43
21920,0,0,0,0,0,1,73,43
21924,0,0,0,0,0,1,149,43
21936,0,0,0,0,0,1,103,43
21940,0,1,0,0,0,1,103,43
21948,0,1,0,0,0,1,94,43
21950,0,1,0,0,0,1,94,215
21960,1,0,0,0,0,1,204,215
21972,1,0,0,0,0,1,100,215
21984,0,0,0,0,0,1,94,215
21996,1,0,0,0,0,1,180,215
22008,1,0,0,0,0,1,151,215
22020,1,0,0,0,0,1,171,215
22032,0,0,0,0,0,1,126,215
22040,0,1,0,0,0,1,126,215
22044,1,1,0,0,0,1,99,215
22050,1,1,0,0,0,1,99,55
22056,0,1,0,0,0,1,54,55
22060,0,0,0,0,0,1,54,55
22068,0,0,0,0,0,1,193,55
22080,0,0,0,0,0,1,189,55
22092,0,0,0,0,0,1,47,55
22100,0,1,0,0,0,1,47,55
22104,0,1,0,0,0,1,26,55
22110,0,1,0,0,0,1,26,245
22116,1,1,0,0,0,1,125,245
22128,0,1,0,0,0,1,129,245
22130,0,1,0,0,0,1,129,252
22140,0,0,0,0,0,1,132,252
22152,0,0,0,0,0,1,235,252
22160,0,1,0,0,0,1,235,252
22164,1,1,0,0,0,1,16,252
22170,1,1,0,0,0,1,16,255
22176,1,1,0,0,0,1,62,255
22180,1,0,0,0,0,1,62,255
22188,0,0,0,0,0,1,49,255
22200,1,1,0,0,0,1,251,255
22210,1,1,0,0,0,1,251,242
22212,0,1,0,0,0,1,16,242
22224,0,1,0,0,0,1,155,242
22230,0,1,0,0,0,1,155,243
22236,0,1,0,0,0,1,176,243
22240,0,0,0,0,0,1,176,243
22248,1,0,0,0,0,1,22,243
22260,1,0,0,0,0,1,69,243
22272,0,0,0,0,0,1,72,243
22280,0,1,0,0,0,1,72,243
22284,1,1,0,0,0,1,15,243
22290,1,1,0,0,0,1,15,96
22296,0,1,0,0,0,1,237,96
22308,1,1,0,0,0,1,44,96
22310,1,1,0,0,0,1,44,20
22320,1,0,0,0,0,1,95,20
22332,1,0,0,0,0,1,181,20
22344,0,0,0,0,0,1,203,20
22356,0,0,0,0,0,1,131,20
22360,0,1,0,0,0,1,131,20
22368,0,1,0,0,0,1,22,20
22370,0,1,0,0,0,1,22,116
22380,0,0,0,0,0,1,226,116
22392,0,0,0,0,0,1,209,116
22400,0,1,0,0,0,1,209,116
22404,0,1,0,0,0,1,114,116
22410,0,1,0,0,0,1,114,141
22416,0,1,0,0,0,1,82,141
22428,0,1,0,0,0,1,157,141
22430,0,1,0,0,0,1,157,97
22440,1,1,0,0,0,1,214,97
22450,1,1,0,0,0,1,214,52
22452,1,1,0,0,0,1,225,52
22464,0,1,0,0,0,1,180,52
22470,0,1,0,0,0,1,180,198
22476,1,1,0,0,0,1,44,198
22488,0,1,0,0,0,1,94,198
22490,0,1,0,0,0,1,94,85
22500,0,1,0,0,0,1,247,85
22510,0,1,0,0,0,1,247,41
22512,1,1,0,0,0,1,19,41
22520,1,0,0,0,0,1,19,41
22524,0,0,0,0,0,1,154,41
22536,0,0,0,0,0,1,164,41
22548,1,0,0,0,0,1,113,41
22560,1,0,0,0,0,1,169,41
22572,1,0,0,0,0,1,161,41
22584,1,0,0,0,0,1,154,41
22596,1,0,0,0,0,1,249,41
22600,1,1,0,0,0,1,249,41
22608,1,1,0,0,0,1,67,41
22610,1,1,0,0,0,1,67,165
22620,1,1,0,0,0,1,229,165
22630,1,1,0,0,0,1,229,46
22632,1,1,0,0,0,1,20,46
22640,1,0,0,0,0,1,20,46
22644,1,0,0,0,0,1,129,46
22650,1,0,0,0,1,1,129,46
22656,1,0,0,0,1,1,51,46
22668,0,0,0,0,1,1,33,46
22680,1,1,0,0,1,1,113,46
22690,1,1,0,0,1,1,113,30
22692,0,1,0,0,1,1,44,30
22704,0,1,0,0,1,1,203,30
22710,0,1,0,0,1,1,203,118
22716,1,1,0,0,1,1,99,118
22728,0,1,0,0,1,1,81,118
22730,0,1,0,0,1,1,81,204
22740,1,1,0,0,1,1,66,204
22750,1,1,0,0,1,1,66,100
22752,1,1,0,0,1,1,36,100
22764,1,1,0,0,1,1,5,100
22770,1,1,0,0,1,1,5,180
22776,0,1,0,0,1,1,14,180
22780,0,0,0,0,1,1,14,180
22788,0,0,0,0,1,1,189,180
22800,0,0,0,0,1,1,128,180
22812,0,0,0,0,1,1,146,180
22824,0,0,0,0,1,1,22,180
22836,0,0,0,0,1,1,134,180
22840,0,1,0,0,1,1,134,180
22848,1,1,0,0,1,1,0,180
22850,1,1,0,0,1,1,0,151
22860,1,0,0,0,1,1,173,151
22872,1,0,0,0,1,1,190,151
22884,1,0,0,0,1,1,153,151
22896,0,0,0,0,1,1,81,151
22900,0,1,0,0,1,1,81,151
22908,1,1,0,0,1,1,3,151
22910,1,1,0,0,1,1,3,171
22920,0,1,0,0,1,1,29,171
22930,0,1,0,0,1,1,29,99
22932,1,1,0,0,1,1,255,99
22944,0,1,0,0,1,1,208,99
22950,0,1,0,0,1,1,208,125
22956,1,1,0,0,1,1,196,125
22968,1,1,0,0,1,1,5,125
22970,1,1,0,0,1,1,5,16
22980,1,1,0,0,1,1,8,16
22990,1,1,0,0,1,1,8,62
22992,1,1,0,0,1,1,151,62
23000,1,0,0,0,1,1,151,62
23004,1,0,0,0,1,1,189,62
23010,1,0,0,0,1,0,189,62
23016,1,0,0,0,1,0,40,62
23028,0,0,0,0,1,0,219,62
23040,1,1,0,0,1,0,113,62
23050,1,1,0,0,1,0,113,251
23052,0,1,0,0,1,0,176,251
23064,1,1,0,0,1,0,127,251
23070,1,1,0,0,1,0,127,22
23076,1,1,0,0,1,0,242,22
23088,0,1,0,0,1,0,218,22
23090,0,1,0,0,1,0,218,69
23100,0,0,0,0,1,0,64,69
23112,0,0,0,0,1,0,255,69
23120,0,1,0,0,1,0,255,69
23124,0,1,0,0,1,0,26,69
23130,0,1,0,0,1,0,26,15
23136,1,1,0,0,1,0,27,15
23140,1,0,0,0,1,0,27,15
23148,0,0,0,0,1,0,65,15
23160,0,0,0,0,1,0,64,15
23172,1,0,0,0,1,0,168,15
23180,1,1,0,0,1,0,168,15
23184,0,1,0,0,1,0,213,15
23190,0,1,0,0,1,0,213,44
23196,0,1,0,0,1,0,136,44
23200,0,0,0,0,1,0,136,44
23208,0,0,0,0,1,0,145,44
23220,0,0,0,0,1,0,107,44
23232,0,0,0,0,1,0,159,44
23244,1,0,0,0,1,0,47,44
23256,1,0,0,0,1,0,235,44
23260,1,1,0,0,1,0,235,44
23268,1,1,0,0,1,0,245,44
23270,1,1,0,0,1,0,245,95
23280,1,0,0,0,1,0,187,95
23292,1,0,0,0,1,0,215,95
23304,0,0,0,0,1,0,73,95
23316,0,0,0,0,1,0,167,95
23320,0,1,0,0,1,0,167,95
23328,0,1,0,0,1,0,102,95
23330,0,1,0,0,1,0,102,181
23340,1,0,0,0,1,0,201,181
23352,1,0,0,0,1,0,8,181
23364,0,0,0,0,1,0,190,181
23376,0,0,0,0,1,0,105,181
23388,1,0,0,0,1,0,96,181
23400,1,1,0,0,1,0,5,181
23410,1,1,0,0,1,0,5,214
23412,1,1,0,0,1,0,9,214
23424,1,1,0,0,1,0,246,214
23430,1,1,0,0,1,0,246,225
23436,1,1,0,0,1,0,112,225
23440,1,0,0,0,1,0,112,225
23448,1,0,0,0,1,0,200,225
23460,1,1,0,0,1,0,85,225
23470,1,1,0,0,1,0,85,44
23472,1,1,0,0,1,0,132,44
23480,1,0,0,0,1,0,132,44
23484,1,0,0,0,1,0,228,44
23496,1,0,0,0,1,0,101,44
23500,1,1,0,0,1,0,101,44
23508,1,1,0,0,1,0,246,44
23510,1,1,0,0,1,0,246,19
23520,0,0,0,0,1,0,224,19
23532,1,0,0,0,1,0,3,19
23540,1,1,0,0,1,0,3,19
23544,0,1,0,0,1,0,177,19
23550,0,1,0,0,1,0,177,113
23556,0,1,0,0,1,0,6,113
23568,1,1,0,0,1,0,231,113
23570,1,1,0,0,1,0,231,169
23580,1,1,0,0,1,0,105,169
23590,1,1,0,0,1,0,105,161
23592,1,1,0,0,1,0,85,161
23604,1,1,0,0,1,0,181,161
23610,1,1,0,0,1,0,181,154
23616,0,1,0,0,1,0,73,154
23628,1,1,0,0,1,0,250,154
23630,1,1,0,0,1,0,250,249
23640,0,0,0,0,1,0,203,249
23652,0,0,0,0,1,0,170,249
23664,0,0,0,0,1,0,94,249
23676,1,0,0,0,1,0,237,249
23688,1,0,0,0,1,0,76,249
23700,0,1,0,0,1,0,193,249
23710,0,1,0,0,1,0,193,67
23712,1,1,0,0,1,0,75,67
23720,1,0,0,0,1,0,75,67
23724,1,0,0,0,1,0,61,67
23736,0,0,0,0,1,0,92,67
23740,0,1,0,0,1,0,92,67
23748,1,1,0,0,1,0,95,67
23750,1,1,0,0,1,0,95,229
23760,0,1,0,0,1,0,235,229
23770,0,1,0,0,1,0,235,20
23772,1,1,0,0,1,0,216,20
23784,1,1,0,0,1,0,166,20
23790,1,1,0,0,1,0,166,129
23796,0,1,0,0,1,0,142,129
23800,0,0,0,0,1,0,142,129
23808,0,0,0,0,1,0,30,129
23820,0,0,0,0,1,0,54,129
23832,0,0,0,0,1,0,153,129
23844,0,0,0,0,1,0,22,129
23856,0,0,0,0,1,0,156,129
23860,0,1,0,0,1,0,156,129
23868,0,1,0,0,1,0,255,129
23870,0,1,0,0,1,0,255,51
23880,0,1,0,0,1,0,170,51
23890,0,1,0,0,1,0,170,113
23892,0,1,0,0,1,0,144,113
23900,0,0,0,0,1,0,144,113
23904,1,0,0,0,1,0,220,113
23916,0,0,0,0,1,0,247,113
23928,0,0,0,0,1,0,142,113
23940,0,0,0,0,1,0,15,113
23952,0,0,0,0,1,0,163,113
23960,0,1,0,0,1,0,163,113
23964,0,1,0,0,1,0,169,113
23970,0,1,0,0,1,0,169,99
23976,0,1,0,0,1,0,20,99
23980,0,0,0,0,1,0,20,99
23988,1,0,0,0,1,0,158,99
24000,1,0,0,0,1,0,209,99
24012,0,0,0,0,1,0,183,99
24024,1,0,0,0,1,0,105,99
24036,0,0,0,0,1,0,13,99
24040,0,1,0,0,1,0,13,99
24048,0,1,0,0,1,0,9,99
24050,0,1,0,0,1,0,9,66
24060,0,1,0,0,1,0,211,66
24070,0,1,0,0,1,0,211,36
24072,1,1,0,0,1,0,223,36
24080,1,0,0,0,1,0,223,36
24084,0,0,0,0,1,0,231,36
24096,1,0,0,0,1,0,254,36
24100,1,1,0,0,1,0,254,36
24108,0,1,0,0,1,0,155,36
24110,0,1,0,0,1,0,155,5
24130,0,1,0,0,1,0,155,0
24140,0,0,0,0,1,0,155,0
24180,0,1,0,0,1,0,155,0
24190,0,1,0,0,1,0,155,173
24210,0,1,0,0,1,0,155,190
24230,0,1,0,0,1,0,155,153
24240,0,0,0,0,1,0,155,153
24260,0,1,0,0,1,0,155,153
24270,0,1,0,0,1,0,155,3
24280,0,0,0,0,1,0,155,3
24300,0,1,0,0,1,0,155,3
24310,0,1,0,0,1,0,155,255
24330,0,1,0,0,1,0,155,196
24340,0,0,0,0,1,0,155,196
24380,0,1,0,0,1,0,155,196
24390,0,1,0,0,1,0,155,5
24410,0,1,0,0,1,0,155,8
24420,0,0,0,0,1,0,155,8
24440,0,1,0,0,1,0,155,8
24450,0,1,0,0,1,0,155,151
24460,0,0,0,0,1,0,155,151
24500,0,1,0,0,1,0,155,151
24510,0,1,0,0,1,0,155,189
24520,0,0,0,0,1,0,155,189
24580,0,1,0,0,1,0,155,189
24590,0,1,0,0,1,0,155,40
24600,0,0,0,0,1,0,155,40
24660,0,1,0,0,1,0,155,40
24670,0,1,0,0,1,0,155,113
24680,0,0,0,0,1,0,155,113
24700,0,1,0,0,1,0,155,113
24710,0,1,0,0,1,0,155,127
24720,0,0,0,0,1,0,155,127
24740,0,1,0,0,1,0,155,127
24750,0,1,0,0,1,0,155,242
24770,0,1,0,0,1,0,155,27
24790,0,1,0,0,1,0,155,168
24800,0,0,0,0,1,0,155,168
24940,0,1,0,0,1,0,155,168
24950,0,1,0,0,1,0,155,47
24960,0,0,0,0,1,0,155,47
24980,0,1,0,0,1,0,155,47
24990,0,1,0,0,1,0,155,235
25000,0,0,0,0,1,0,155,235
25040,0,1,0,0,1,0,155,235
25050,0,1,0,0,1,0,155,245
25070,0,1,0,0,1,0,155,187
25090,0,1,0,0,1,1,155,215
25110,0,1,0,0,1,1,155,201
25130,0,1,0,0,1,1,155,8
25146,0,1,0,0,0,1,155,8
25150,0,1,0,0,0,1,155,96
25160,0,0,0,0,0,1,155,96
25200,0,1,0,0,0,1,155,96
25210,0,1,0,0,0,1,155,5
25220,0,0,0,0,0,1,155,5
25260,0,1,0,0,0,1,155,5
25270,0,1,0,0,0,1,155,9
25280,0,0,0,0,0,1,155,9
25320,0,1,0,0,0,1,155,9
25330,0,1,0,0,0,1,155,246
25340,0,0,0,0,0,1,155,246
25360,0,1,0,0,0,1,155,246
25370,0,1,0,0,0,1,155,112
25390,0,1,0,0,0,1,155,200
25410,0,1,0,0,0,1,155,85
25420,0,0,0,0,0,1,155,85
25480,0,1,0,0,0,1,155,85
25490,0,1,0,0,0,1,155,132
25510,0,1,0,0,0,1,155,228
25530,0,1,0,0,0,1,155,101
25550,0,1,0,0,0,1,155,246
25560,0,0,0,0,0,1,155,246
25580,0,1,0,0,0,1,155,246
25590,0,1,0,0,0,1,155,3
25610,0,1,0,0,0,1,155,231
25630,0,1,0,0,0,1,155,105
25650,0,1,0,0,0,1,155,85
25660,0,0,0,0,0,1,155,85
25680,0,1,0,0,0,1,155,85
25690,0,1,0,0,0,1,155,181
25700,0,0,0,0,0,1,155,181
25720,0,1,0,0,0,1,155,181
25730,0,1,0,0,0,1,155,250
25740,0,0,0,0,0,1,155,250
25780,0,1,0,0,0,1,155,250
25790,0,1,0,0,0,1,155,237
25810,0,1,0,0,0,1,155,76
25830,0,1,0,0,0,1,155,75
25850,0,1,0,0,0,1,155,61
25860,0,0,0,0,0,1,155,61
25880,0,1,0,0,0,1,155,61
25890,0,1,0,0,0,1,155,95
25910,0,1,0,0,0,1,155,216
25930,0,1,0,0,0,1,155,166
25950,0,1,0,0,0,1,155,220
25970,0,1,0,0,0,1,155,158
25980,0,0,0,0,0,1,155,158
26000,0,1,0,0,0,1,155,158
26010,0,1,0,0,0,1,155,209
26030,0,1,0,0,0,1,155,105
26040,0,0,0,0,0,1,155,105
26080,0,1,0,0,0,1,155,105
26090,0,1,0,0,0,1,155,223
26100,0,0,0,0,0,1,155,223
26180,0,1,0,0,0,1,155,223
26190,0,1,0,1,0,1,155,254
26300,0,0,0,1,0,1,155,254
26320,0,1,0,1,0,1,155,254
26340,0,0,0,1,0,1,155,254
26360,0,1,0,1,0,1,155,254
26380,0,0,0,1,0,1,155,254
26400,0,1,0,1,0,1,155,254
26420,0,0,0,1,0,1,155,254
26460,0,1,0,1,0,1,155,254
26480,0,0,0,1,0,1,155,254
26580,0,1,0,1,0,1,155,254
26620,0,0,0,1,0,1,155,254
26660,0,1,0,1,0,1,155,254
26700,0,0,0,1,0,1,155,254
26760,0,1,0,1,0,1,155,254
26800,0,0,0,1,0,1,155,254
26820,0,1,0,1,0,1,155,254
26840,0,0,0,1,0,1,155,254
26940,0,1,0,1,0,1,155,254
26960,0,0,0,1,0,1,155,254
27040,0,1,0,1,0,1,155,254
27060,0,0,0,1,0,1,155,254
27080,0,1,0,1,0,1,155,254
27100,0,0,0,1,0,1,155,254
27120,0,1,0,1,0,1,155,254
27240,0,0,0,1,0,1,155,254
27260,0,1,0,1,0,1,155,254
27280,0,0,0,1,0,1,155,254
27320,0,1,0,1,0,1,155,254
27340,0,0,0,1,0,1,155,254
27380,0,1,0,1,0,1,155,254
27400,0,0,0,1,0,1,155,254
27440,0,1,0,1,0,1,155,254
27600,0,0,0,1,0,1,155,254
27620,0,1,0,1,0,1,155,254
27700,0,0,0,1,0,1,155,254
27720,0,1,0,1,0,1,155,254
27740,0,0,0,1,0,1,155,254
27760,0,1,0,1,0,1,155,254
27780,0,0,0,1,0,1,155,254
27840,0,1,0,1,0,1,155,254
27900,0,0,0,1,0,1,155,254
28020,0,1,0,1,0,1,155,254
28040,0,0,0,1,0,1,155,254
28100,0,1,0,1,0,1,155,254
28140,0,0,0,1,0,1,155,254
28180,0,1,0,1,0,1,155,254
28200,0,0,0,1,0,1,155,254
28220,0,1,0,1,0,1,155,254
28320,0,0,0,1,0,1,155,254
28360,0,1,0,1,0,1,155,254
28400,0,0,0,1,0,1,155,254
28420,0,1,0,1,0,1,155,254
28440,0,0,0,1,0,1,155,254
28460,0,1,0,1,0,1,155,254
28480,0,0,0,1,0,1,155,254
28600,0,1,0,1,0,1,155,254
28660,0,0,0,1,0,1,155,254
28680,0,1,0,1,0,1,155,254
28740,0,0,0,1,0,1,155,254
28840,0,1,0,1,0,1,155,254
28900,0,0,0,1,0,1,155,254
28940,0,1,0,1,0,1,155,254
28960,0,0,0,1,0,1,155,254
29020,0,1,0,1,0,1,155,254
29040,0,0,0,1,0,1,155,254
29120,0,1,0,1,0,1,155,254
29140,0,0,0,1,0,1,155,254
29160,0,1,0,1,0,1,155,254
29200,0,0,0,1,0,1,155,254
29220,0,1,0,1,0,1,155,254
29260,0,0,0,1,0,1,155,254
29300,0,1,0,1,0,1,155,254
29320,0,0,0,1,0,1,155,254
29360,0,1,0,1,0,1,155,254
29420,0,0,0,1,0,1,155,254
29440,0,1,0,1,0,1,155,254
29460,0,0,0,1,0,1,155,254
29500,0,1,0,1,0,1,155,254
29520,0,0,0,1,0,1,155,254
29700,0,1,0,1,0,1,155,254
29780,0,0,0,1,0,1,155,254
29840,0,1,0,1,0,1,155,254
29860,0,0,0,1,0,1,155,254
29900,0,1,0,1,0,1,155,254
29920,0,0,0,1,0,1,155,254
29940,0,1,0,1,0,1,155,254
29960,0,0,0,1,0,1,155,254
30000,0,1,0,1,0,1,155,254
30060,0,0,0,1,0,1,155,254
30080,0,1,0,1,0,1,155,254
30120,0,0,0,1,0,1,155,254
30140,0,1,0,1,0,1,155,254
30160,0,0,0,1,0,1,155,254
30180,0,1,0,1,0,1,155,254
30200,0,0,0,1,0,1,155,254
30320,0,1,0,1,0,1,155,254
30360,0,0,0,1,0,1,155,254
30400,0,1,0,1,0,1,155,254
30500,0,0,0,1,0,1,155,254
30540,0,1,0,1,0,1,155,254
30600,0,0,0,1,0,1,155,254
30640,0,1,0,1,0,1,155,254
30660,0,0,0,1,0,1,155,254
30680,0,1,0,1,0,1,155,254
30700,0,0,0,1,0,1,155,254
30720,0,1,0,1,0,1,155,254
30760,0,0,0,1,0,1,155,254
30780,0,1,0,1,0,1,155,254
30800,0,0,0,1,0,1,155,254
30840,0,1,0,1,0,1,155,254
30880,0,0,0,1,0,1,155,254
31000,0,1,0,1,0,1,155,254
31020,0,0,0,1,0,1,155,254
31060,0,1,0,1,0,1,155,254
31120,0,0,0,1,0,1,155,254
31140,0,1,0,1,0,1,155,254
31160,0,0,0,1,0,1,155,254
31180,0,1,0,1,0,1,155,254
31200,0,0,0,1,0,1,155,254
31300,0,1,0,1,0,1,155,254
31380,0,0,0,1,0,1,155,254
31440,0,1,0,1,0,1,155,254
31460,0,0,0,1,0,1,155,254
31480,0,1,0,1,0,1,155,254
31520,0,0,0,1,0,1,155,254
31560,0,1,0,1,0,1,155,254
31580,0,0,0,1,0,1,155,254
31620,0,1,0,1,0,1,155,254
31700,0,0,0,1,0,1,155,254
31720,0,1,0,1,0,1,155,254
31760,0,0,0,1,0,1,155,254
31800,0,1,0,1,0,1,155,254
31900,0,0,0,1,0,1,155,254
31940,0,1,0,1,0,1,155,254
32000,0,0,0,1,0,1,155,254
32080,0,1,0,1,0,1,155,254
32100,0,0,0,1,0,1,155,254
32180,0,1,0,1,0,1,155,254
32240,0,0,0,1,0,1,155,254
32280,0,1,0,1,0,1,155,254
32300,0,0,0,1,0,1,155,254
32320,0,1,0,1,0,1,155,254
32340,0,0,0,1,0,1,155,254
32360,0,1,0,1,0,1,155,254
32380,0,0,0,1,0,1,155,254
32400,0,1,0,1,0,1,155,254
32440,0,0,0,1,0,1,155,254
32500,0,1,0,1,0,1,155,254
32560,0,0,0,1,0,1,155,254
32600,0,1,0,1,0,1,155,254
32640,0,0,0,1,0,1,155,254
32700,0,1,0,1,0,1,155,254
32720,0,0,0,1,0,1,155,254
32780,0,1,0,1,0,1,155,254
32800,0,0,0,1,0,1,155,254
32880,0,1,0,1,0,1,155,254
32900,0,0,0,1,0,1,155,254
32920,0,1,0,1,0,1,155,254
33060,0,0,0,1,0,1,155,254
33120,0,1,0,1,0,1,155,254
33200,0,0,0,1,0,1,155,254
33220,0,1,0,1,0,1,155,254
33300,0,0,0,1,0,1,155,254
33320,0,1,0,1,0,1,155,254
33360,0,0,0,1,0,1,155,254
33380,0,1,0,1,0,1,155,254
33480,0,0,0,1,0,1,155,254
33560,0,1,0,1,0,1,155,254
33600,0,0,0,1,0,1,155,254
33620,0,1,0,1,0,1,155,254
33640,0,0,0,1,0,1,155,254
33680,0,1,0,1,0,1,155,254
33700,0,0,0,1,0,1,155,254
33720,0,1,0,1,0,1,155,254
33820,0,0,0,1,0,1,155,254
33840,0,1,0,1,0,1,155,254
33880,0,0,0,1,0,1,155,254
33940,0,1,0,1,0,1,155,254
33980,0,0,0,1,0,1,155,254
34020,0,1,0,1,0,1,155,254
34040,0,0,0,1,0,1,155,254
34080,0,1,0,1,0,1,155,254
34100,0,0,0,1,0,1,155,254
34140,0,1,0,1,0,1,155,254
34160,0,0,0,1,0,1,155,254
34220,0,1,0,1,0,1,155,254
34240,0,0,0,1,0,1,155,254
34260,0,1,0,1,0,1,155,254
34300,0,0,0,1,0,1,155,254
34340,0,1,0,1,0,1,155,254
34380,0,0,0,1,0,1,155,254
34400,0,1,0,1,0,1,155,254
34420,0,0,0,1,0,1,155,254
34460,0,1,0,1,0,1,155,254
34520,0,0,0,1,0,1,155,254
34560,0,1,0,1,0,1,155,254
34620,0,0,0,1,0,1,155,254
34640,0,1,0,1,0,1,155,254
34700,0,0,0,1,0,1,155,254
34720,0,1,0,1,0,1,155,254
34760,0,0,0,1,0,1,155,254
34820,0,1,0,1,0,1,155,254
34880,0,0,0,1,0,1,155,254
34920,0,1,0,1,0,1,155,254
34980,0,0,0,1,0,1,155,254
35040,0,1,0,1,0,1,155,254
35160,0,0,0,1,0,1,155,254
35180,0,1,0,1,0,1,155,254
35200,0,0,0,1,0,1,155,254
35220,0,1,0,1,0,1,155,254
35260,0,0,0,1,0,1,155,254
35280,0,1,0,1,0,1,155,254
35300,0,0,0,1,0,1,155,254
35340,0,1,0,1,0,1,155,254
35360,0,0,0,1,0,1,155,254
35380,0,1,0,1,0,1,155,254
35400,0,0,0,1,0,1,155,254
35480,0,1,0,1,0,1,155,254
35500,0,0,0,1,0,1,155,254
35540,0,1,0,1,0,1,155,254
35580,0,0,0,1,0,1,155,254
35600,0,1,0,1,0,1,155,254
35660,0,0,0,1,0,1,155,254
35720,0,1,0,1,0,1,155,254
35740,0,0,0,1,0,1,155,254
35760,0,1,0,1,0,1,155,254
35780,0,0,0,1,0,1,155,254
35860,0,1,0,1,0,1,155,254
35900,0,0,0,1,0,1,155,254
35920,0,1,0,1,0,1,155,254
36160,0,0,0,1,0,1,155,254
36200,0,1,0,1,0,1,155,254
36240,0,0,0,1,0,1,155,254
36260,0,1,0,1,0,1,155,254
36280,0,0,0,1,0,1,155,254
36300,0,1,0,1,0,1,155,254
36320,0,0,0,1,0,1,155,254
36340,0,1,0,1,0,1,155,254
36360,0,0,0,1,0,1,155,254
36380,0,1,0,1,0,1,155,254
36400,0,0,0,1,0,1,155,254
36420,0,1,0,1,0,1,155,254
36500,0,0,0,1,0,1,155,254
36520,0,1,0,1,0,1,155,254
36540,0,0,0,1,0,1,155,254
36580,0,1,0,1,0,1,155,254
36600,0,0,0,1,0,1,155,254
36640,0,1,0,1,0,1,155,254
36660,0,0,0,1,0,1,155,254
36760,0,1,0,1,0,1,155,254
36780,0,0,0,1,0,1,155,254
36820,0,1,0,1,0,1,155,254
36840,0,0,0,1,0,1,155,254
36880,0,1,0,1,0,1,155,254
36920,0,0,0,1,0,1,155,254
36940,0,1,0,1,0,1,155,254
37040,0,0,0,1,0,1,155,254
37100,0,1,0,1,0,1,155,254
37140,0,0,0,1,0,1,155,254
37240,0,1,0,1,0,1,155,254
37280,0,0,0,1,0,1,155,254
37300,0,1,0,1,0,1,155,254
37320,0,0,0,1,0,1,155,254
37340,0,1,0,1,0,1,155,254
37400,0,0,0,1,0,1,155,254
37440,0,1,0,1,0,1,155,254
37460,0,0,0,1,0,1,155,254
37540,0,1,0,1,0,1,155,254
37560,0,0,0,1,0,1,155,254
37580,0,1,0,1,0,1,155,254
37640,0,0,0,1,0,1,155,254
37720,0,1,0,1,0,1,155,254
37760,0,0,0,1,0,1,155,254
37800,0,1,0,1,0,1,155,254
37820,0,0,0,1,0,1,155,254
37880,0,1,0,1,0,1,155,254
37920,0,0,0,1,0,1,155,254
37940,0,1,0,1,0,1,155,254
37960,0,0,0,1,0,1,155,254
37980,0,1,0,1,0,1,155,254
38040,0,0,0,1,0,1,155,254
38060,0,1,0,1,0,1,155,254
38120,0,0,0,1,0,1,155,254
38200,0,1,0,1,0,1,155,254
38220,0,0,0,1,0,1,155,254
38240,0,1,0,1,0,1,155,254
38320,0,0,0,1,0,1,155,254
38340,0,1,0,1,0,1,155,254
38360,0,0,0,1,0,1,155,254
38380,0,1,0,1,0,1,155,254
38400,0,0,0,1,0,1,155,254
38420,0,1,0,1,0,1,155,254
38440,0,0,0,1,0,1,155,254
38460,0,1,0,1,0,1,155,254
38500,0,0,0,1,0,1,155,254
38540,0,1,0,1,0,1,155,254
38560,0,0,0,1,0,1,155,254
38640,0,1,0,1,0,1,155,254
38660,0,0,0,1,0,1,155,254
38680,0,1,0,1,0,1,155,254
38700,0,0,0,1,0,1,155,254
38720,0,1,0,1,0,1,155,254
38740,0,0,0,1,0,1,155,254
38760,0,1,0,1,0,1,155,254
38820,0,0,0,1,0,1,155,254
38860,0,1,0,1,0,1,155,254
38880,0,0,0,1,0,1,155,254
38960,0,1,0,1,0,1,155,254
39020,0,0,0,1,0,1,155,254
39140,0,1,0,1,0,1,155,254
39160,0,0,0,1,0,1,155,254
39180,0,1,0,1,0,1,155,254
39260,0,0,0,1,0,1,155,254
39300,0,1,0,1,0,1,155,254
39340,0,0,0,1,0,1,155,254
39400,0,1,0,1,0,1,155,254
39480,0,0,0,1,0,1,155,254
39520,0,1,0,1,0,1,155,254
39540,0,0,0,1,0,1,155,254
39560,0,1,0,1,0,1,155,254
39580,0,0,0,1,0,1,155,254
39600,0,1,0,1,0,1,155,254
39660,0,0,0,1,0,1,155,254
39680,0,1,0,1,0,1,155,254
39700,0,0,0,1,0,1,155,254
39740,0,1,0,1,0,1,155,254
39760,0,0,0,1,0,1,155,254
39820,0,1,0,1,0,1,155,254
39840,0,0,0,1,0,1,155,254
39880,0,1,0,1,0,1,155,254
39900,0,0,0,1,0,1,155,254
39920,0,1,0,1,0,1,155,254
39980,0,0,0,1,0,1,155,254
40020,0,1,0,1,0,1,155,254
40060,0,0,0,1,0,1,155,254
40080,0,1,0,1,0,1,155,254
40100,0,0,0,1,0,1,155,254
40120,0,1,0,1,0,1,155,254
40160,0,0,0,1,0,1,155,254
40180,0,1,0,1,0,1,155,254
40190,0,0,0,1,0,1,155,254
