time_ns,wclk,rclk,w_en,r_en,full,empty,half_full,half_empty,data_in,data_out
0,0,0,0,0,0,1,0,1,0,x
6.25,1,0,0,0,0,1,0,1,0,x
10,1,1,0,0,0,1,0,1,0,x
12.5,0,1,0,0,0,1,0,1,0,x
18.75,1,1,0,0,0,1,0,1,0,x
20,1,0,0,0,0,1,0,1,0,x
25,0,0,0,0,0,1,0,1,0,x
30,0,1,0,0,0,1,0,1,0,x
31.25,1,1,0,0,0,1,0,1,0,x
37.5,0,1,0,0,0,1,0,1,0,x
40,0,0,0,0,0,1,0,1,0,x
43.75,1,0,0,0,0,1,0,1,0,x
50,0,1,0,0,0,1,0,1,0,x
56.25,1,1,0,0,0,1,0,1,0,x
60,1,0,0,0,0,1,0,1,0,x
62.5,0,0,0,0,0,1,0,1,0,x
68.75,1,0,0,0,0,1,0,1,0,x
70,1,1,0,0,0,1,0,1,0,x
75,0,1,0,0,0,1,0,1,0,x
80,0,0,0,0,0,1,0,1,0,x
81.25,1,0,0,0,0,1,0,1,0,x
87.5,0,0,0,0,0,1,0,1,0,x
90,0,1,0,0,0,1,0,1,0,x
93.75,1,1,0,0,0,1,0,1,0,x
100,0,0,0,0,0,1,0,1,0,x
106.25,1,0,0,0,0,1,0,1,0,x
110,1,1,0,0,0,1,0,1,0,x
112.5,0,1,0,0,0,1,0,1,0,x
118.75,1,1,0,0,0,1,0,1,0,x
120,1,0,0,0,0,1,0,1,0,x
125,0,0,0,0,0,1,0,1,0,x
130,0,1,0,0,0,1,0,1,0,x
131.25,1,1,0,0,0,1,0,1,0,x
137.5,0,1,0,0,0,1,0,1,0,x
140,0,0,0,0,0,1,0,1,0,x
143.75,1,0,0,0,0,1,0,1,0,x
150,0,1,0,0,0,1,0,1,0,x
156.25,1,1,0,0,0,1,0,1,0,x
160,1,0,0,0,0,1,0,1,0,x
162.5,0,0,0,0,0,1,0,1,0,x
168.75,1,0,0,0,0,1,0,1,0,x
170,1,1,0,0,0,1,0,1,0,x
175,0,1,0,0,0,1,0,1,0,x
180,0,0,0,0,0,1,0,1,0,x
181.25,1,0,0,0,0,1,0,1,0,x
187.5,0,0,0,0,0,1,0,1,0,x
190,0,1,0,0,0,1,0,1,0,x
193.75,1,1,0,0,0,1,0,1,0,x
200,0,0,0,0,0,1,0,1,0,x
206.25,1,0,0,0,0,1,0,1,0,x
210,1,1,0,0,0,1,0,1,0,x
212.5,0,1,0,0,0,1,0,1,0,x
218.75,1,1,0,0,0,1,0,1,0,x
220,1,0,0,0,0,1,0,1,0,x
225,0,0,0,0,0,1,0,1,0,x
230,0,1,0,0,0,1,0,1,0,x
231.25,1,1,0,0,0,1,0,1,0,x
237.5,0,1,1,0,0,1,0,1,64,x
240,0,0,1,0,0,1,0,1,64,x
243.75,1,0,1,0,0,1,0,1,64,64
244.75,1,0,0,0,0,1,0,1,64,64
250,0,1,1,0,0,1,0,1,65,64
256.25,1,1,1,0,0,1,0,1,65,64
257.25,1,1,0,0,0,1,0,1,65,64
260,1,0,0,0,0,1,0,1,65,64
262.5,0,0,1,0,0,1,0,1,66,64
268.75,1,0,1,0,0,1,0,1,66,64
269.75,1,0,0,0,0,1,0,1,66,64
270,1,1,0,0,0,1,0,1,66,64
275,0,1,1,0,0,1,0,1,67,64
280,0,0,1,0,0,1,0,1,67,64
281.25,1,0,1,0,0,1,0,1,67,64
282.25,1,0,0,0,0,1,0,1,67,64
287.5,0,0,1,0,0,1,0,1,68,64
290,0,1,1,0,0,0,0,1,68,64
293.75,1,1,1,0,0,0,0,1,68,64
294.75,1,1,0,0,0,0,0,1,68,64
300,0,0,1,0,0,0,0,1,69,64
306.25,1,0,1,0,0,0,0,1,69,64
307.25,1,0,0,0,0,0,0,1,69,64
310,1,1,0,0,0,0,0,1,69,64
312.5,0,1,1,0,0,0,0,1,70,64
318.75,1,1,1,0,0,0,0,1,70,64
319.75,1,1,0,0,0,0,0,1,70,64
320,1,0,0,0,0,0,0,1,70,64
325,0,0,1,0,0,0,0,1,71,64
330,0,1,1,0,0,0,0,1,71,64
331.25,1,1,1,0,0,0,0,1,71,64
332.25,1,1,0,0,0,0,0,1,71,64
337.5,0,1,1,0,0,0,0,1,72,64
340,0,0,1,0,0,0,0,1,72,64
343.75,1,0,1,0,0,0,0,1,72,64
344.75,1,0,0,0,0,0,0,1,72,64
350,0,1,1,0,0,0,0,1,73,64
356.25,1,1,1,0,0,0,0,1,73,64
357.25,1,1,0,0,0,0,0,1,73,64
360,1,0,0,0,0,0,0,1,73,64
362.5,0,0,1,0,0,0,0,1,74,64
368.75,1,0,1,0,0,0,0,1,74,64
369.75,1,0,0,0,0,0,0,1,74,64
370,1,1,0,0,0,0,0,1,74,64
375,0,1,1,0,0,0,0,1,75,64
380,0,0,1,0,0,0,0,1,75,64
381.25,1,0,1,0,0,0,0,1,75,64
382.25,1,0,0,0,0,0,0,1,75,64
387.5,0,0,1,0,0,0,0,1,76,64
390,0,1,1,0,0,0,0,1,76,64
393.75,1,1,1,0,0,0,0,1,76,64
394.75,1,1,0,0,0,0,0,1,76,64
400,0,0,1,0,0,0,0,1,77,64
406.25,1,0,1,0,0,0,0,1,77,64
407.25,1,0,0,0,0,0,0,1,77,64
410,1,1,0,0,0,0,0,1,77,64
412.5,0,1,1,0,0,0,0,1,78,64
418.75,1,1,1,0,0,0,0,1,78,64
419.75,1,1,0,0,0,0,0,1,78,64
420,1,0,0,0,0,0,0,1,78,64
425,0,0,1,0,0,0,0,1,79,64
430,0,1,1,0,0,0,0,1,79,64
431.25,1,1,1,0,0,0,0,1,79,64
432.25,1,1,0,0,0,0,0,1,79,64
437.5,0,1,1,0,0,0,0,1,80,64
440,0,0,1,0,0,0,0,1,80,64
443.75,1,0,1,0,0,0,0,1,80,64
444.75,1,0,0,0,0,0,0,1,80,64
450,0,1,1,0,0,0,0,1,81,64
456.25,1,1,1,0,0,0,0,1,81,64
457.25,1,1,0,0,0,0,0,1,81,64
460,1,0,0,0,0,0,0,1,81,64
462.5,0,0,1,0,0,0,0,1,82,64
468.75,1,0,1,0,0,0,0,1,82,64
469.75,1,0,0,0,0,0,0,1,82,64
470,1,1,0,0,0,0,0,1,82,64
475,0,1,1,0,0,0,0,1,83,64
480,0,0,1,0,0,0,0,1,83,64
481.25,1,0,1,0,0,0,0,1,83,64
482.25,1,0,0,0,0,0,0,1,83,64
487.5,0,0,1,0,0,0,0,1,84,64
490,0,1,1,0,0,0,0,1,84,64
493.75,1,1,1,0,0,0,0,1,84,64
494.75,1,1,0,0,0,0,0,1,84,64
500,0,0,1,0,0,0,0,1,85,64
506.25,1,0,1,0,0,0,0,1,85,64
507.25,1,0,0,0,0,0,0,1,85,64
510,1,1,0,0,0,0,0,1,85,64
512.5,0,1,1,0,0,0,0,1,86,64
518.75,1,1,1,0,0,0,0,1,86,64
519.75,1,1,0,0,0,0,0,1,86,64
520,1,0,0,0,0,0,0,1,86,64
525,0,0,1,0,0,0,0,1,87,64
530,0,1,1,0,0,0,0,1,87,64
531.25,1,1,1,0,0,0,0,1,87,64
532.25,1,1,0,0,0,0,0,1,87,64
537.5,0,1,1,0,0,0,0,1,88,64
540,0,0,1,0,0,0,0,1,88,64
543.75,1,0,1,0,0,0,0,1,88,64
544.75,1,0,0,0,0,0,0,1,88,64
550,0,1,1,0,0,0,0,1,89,64
556.25,1,1,1,0,0,0,0,1,89,64
557.25,1,1,0,0,0,0,0,1,89,64
560,1,0,0,0,0,0,0,1,89,64
562.5,0,0,1,0,0,0,0,1,90,64
568.75,1,0,1,0,0,0,0,1,90,64
569.75,1,0,0,0,0,0,0,1,90,64
570,1,1,0,0,0,0,0,1,90,64
575,0,1,1,0,0,0,0,1,91,64
580,0,0,1,0,0,0,0,1,91,64
581.25,1,0,1,0,0,0,0,1,91,64
582.25,1,0,0,0,0,0,0,1,91,64
587.5,0,0,1,0,0,0,0,1,92,64
590,0,1,1,0,0,0,0,1,92,64
593.75,1,1,1,0,0,0,0,1,92,64
594.75,1,1,0,0,0,0,0,1,92,64
600,0,0,1,0,0,0,0,1,93,64
606.25,1,0,1,0,0,0,0,1,93,64
607.25,1,0,0,0,0,0,0,1,93,64
610,1,1,0,0,0,0,0,1,93,64
612.5,0,1,1,0,0,0,0,1,94,64
618.75,1,1,1,0,0,0,0,1,94,64
619.75,1,1,0,0,0,0,0,1,94,64
620,1,0,0,0,0,0,0,1,94,64
625,0,0,1,0,0,0,0,1,95,64
630,0,1,1,0,0,0,0,1,95,64
631.25,1,1,1,0,0,0,1,1,95,64
632.25,1,1,0,0,0,0,1,1,95,64
637.5,0,1,1,0,0,0,1,1,96,64
640,0,0,1,0,0,0,1,1,96,64
643.75,1,0,1,0,0,0,1,1,96,64
644.75,1,0,0,0,0,0,1,1,96,64
650,0,1,1,0,0,0,1,1,97,64
656.25,1,1,1,0,0,0,1,1,97,64
657.25,1,1,0,0,0,0,1,1,97,64
660,1,0,0,0,0,0,1,1,97,64
662.5,0,0,1,0,0,0,1,1,98,64
668.75,1,0,1,0,0,0,1,1,98,64
669.75,1,0,0,0,0,0,1,1,98,64
670,1,1,0,0,0,0,1,1,98,64
675,0,1,1,0,0,0,1,1,99,64
680,0,0,1,0,0,0,1,1,99,64
681.25,1,0,1,0,0,0,1,1,99,64
682.25,1,0,0,0,0,0,1,1,99,64
687.5,0,0,1,0,0,0,1,1,100,64
690,0,1,1,0,0,0,1,0,100,64
693.75,1,1,1,0,0,0,1,0,100,64
694.75,1,1,0,0,0,0,1,0,100,64
700,0,0,1,0,0,0,1,0,101,64
706.25,1,0,1,0,0,0,1,0,101,64
707.25,1,0,0,0,0,0,1,0,101,64
710,1,1,0,0,0,0,1,0,101,64
712.5,0,1,1,0,0,0,1,0,102,64
718.75,1,1,1,0,0,0,1,0,102,64
719.75,1,1,0,0,0,0,1,0,102,64
720,1,0,0,0,0,0,1,0,102,64
725,0,0,1,0,0,0,1,0,103,64
730,0,1,1,0,0,0,1,0,103,64
731.25,1,1,1,0,0,0,1,0,103,64
732.25,1,1,0,0,0,0,1,0,103,64
737.5,0,1,1,0,0,0,1,0,104,64
740,0,0,1,0,0,0,1,0,104,64
743.75,1,0,1,0,0,0,1,0,104,64
744.75,1,0,0,0,0,0,1,0,104,64
750,0,1,1,0,0,0,1,0,105,64
756.25,1,1,1,0,0,0,1,0,105,64
757.25,1,1,0,0,0,0,1,0,105,64
760,1,0,0,0,0,0,1,0,105,64
762.5,0,0,1,0,0,0,1,0,106,64
768.75,1,0,1,0,0,0,1,0,106,64
769.75,1,0,0,0,0,0,1,0,106,64
770,1,1,0,0,0,0,1,0,106,64
775,0,1,1,0,0,0,1,0,107,64
780,0,0,1,0,0,0,1,0,107,64
781.25,1,0,1,0,0,0,1,0,107,64
782.25,1,0,0,0,0,0,1,0,107,64
787.5,0,0,1,0,0,0,1,0,108,64
790,0,1,1,0,0,0,1,0,108,64
793.75,1,1,1,0,0,0,1,0,108,64
794.75,1,1,0,0,0,0,1,0,108,64
800,0,0,1,0,0,0,1,0,109,64
806.25,1,0,1,0,0,0,1,0,109,64
807.25,1,0,0,0,0,0,1,0,109,64
810,1,1,0,0,0,0,1,0,109,64
812.5,0,1,1,0,0,0,1,0,110,64
818.75,1,1,1,0,0,0,1,0,110,64
819.75,1,1,0,0,0,0,1,0,110,64
820,1,0,0,0,0,0,1,0,110,64
825,0,0,1,0,0,0,1,0,111,64
830,0,1,1,0,0,0,1,0,111,64
831.25,1,1,1,0,0,0,1,0,111,64
832.25,1,1,0,0,0,0,1,0,111,64
837.5,0,1,1,0,0,0,1,0,112,64
840,0,0,1,0,0,0,1,0,112,64
843.75,1,0,1,0,0,0,1,0,112,64
844.75,1,0,0,0,0,0,1,0,112,64
850,0,1,1,0,0,0,1,0,113,64
856.25,1,1,1,0,0,0,1,0,113,64
857.25,1,1,0,0,0,0,1,0,113,64
860,1,0,0,0,0,0,1,0,113,64
862.5,0,0,1,0,0,0,1,0,114,64
868.75,1,0,1,0,0,0,1,0,114,64
869.75,1,0,0,0,0,0,1,0,114,64
870,1,1,0,0,0,0,1,0,114,64
875,0,1,1,0,0,0,1,0,115,64
880,0,0,1,0,0,0,1,0,115,64
881.25,1,0,1,0,0,0,1,0,115,64
882.25,1,0,0,0,0,0,1,0,115,64
887.5,0,0,1,0,0,0,1,0,116,64
890,0,1,1,0,0,0,1,0,116,64
893.75,1,1,1,0,0,0,1,0,116,64
894.75,1,1,0,0,0,0,1,0,116,64
900,0,0,1,0,0,0,1,0,117,64
906.25,1,0,1,0,0,0,1,0,117,64
907.25,1,0,0,0,0,0,1,0,117,64
910,1,1,0,0,0,0,1,0,117,64
912.5,0,1,1,0,0,0,1,0,118,64
918.75,1,1,1,0,0,0,1,0,118,64
919.75,1,1,0,0,0,0,1,0,118,64
920,1,0,0,0,0,0,1,0,118,64
925,0,0,1,0,0,0,1,0,119,64
930,0,1,1,0,0,0,1,0,119,64
931.25,1,1,1,0,0,0,1,0,119,64
932.25,1,1,0,0,0,0,1,0,119,64
937.5,0,1,1,0,0,0,1,0,120,64
940,0,0,1,0,0,0,1,0,120,64
943.75,1,0,1,0,0,0,1,0,120,64
944.75,1,0,0,0,0,0,1,0,120,64
950,0,1,1,0,0,0,1,0,121,64
956.25,1,1,1,0,0,0,1,0,121,64
957.25,1,1,0,0,0,0,1,0,121,64
960,1,0,0,0,0,0,1,0,121,64
962.5,0,0,1,0,0,0,1,0,122,64
968.75,1,0,1,0,0,0,1,0,122,64
969.75,1,0,0,0,0,0,1,0,122,64
970,1,1,0,0,0,0,1,0,122,64
975,0,1,1,0,0,0,1,0,123,64
980,0,0,1,0,0,0,1,0,123,64
981.25,1,0,1,0,0,0,1,0,123,64
982.25,1,0,0,0,0,0,1,0,123,64
987.5,0,0,1,0,0,0,1,0,124,64
990,0,1,1,0,0,0,1,0,124,64
993.75,1,1,1,0,0,0,1,0,124,64
994.75,1,1,0,0,0,0,1,0,124,64
1000,0,0,1,0,0,0,1,0,125,64
1006.25,1,0,1,0,0,0,1,0,125,64
1007.25,1,0,0,0,0,0,1,0,125,64
1010,1,1,0,0,0,0,1,0,125,64
1012.5,0,1,1,0,0,0,1,0,126,64
1018.75,1,1,1,0,0,0,1,0,126,64
1019.75,1,1,0,0,0,0,1,0,126,64
1020,1,0,0,0,0,0,1,0,126,64
1025,0,0,1,0,0,0,1,0,127,64
1030,0,1,1,0,0,0,1,0,127,64
1031.25,1,1,1,0,1,0,1,0,127,64
1032.25,1,1,0,0,1,0,1,0,127,64
1037.5,0,1,1,0,1,0,1,0,128,64
1040,0,0,1,0,1,0,1,0,128,64
1043.75,1,0,1,0,1,0,1,0,128,64
1044.75,1,0,0,0,1,0,1,0,128,64
1050,0,1,1,0,1,0,1,0,129,64
1056.25,1,1,1,0,1,0,1,0,129,64
1057.25,1,1,0,0,1,0,1,0,129,64
1060,1,0,0,0,1,0,1,0,129,64
1062.5,0,0,1,0,1,0,1,0,130,64
1068.75,1,0,1,0,1,0,1,0,130,64
1069.75,1,0,0,0,1,0,1,0,130,64
1070,1,1,0,0,1,0,1,0,130,64
1075,0,1,1,0,1,0,1,0,131,64
1080,0,0,1,0,1,0,1,0,131,64
1081.25,1,0,1,0,1,0,1,0,131,64
1082.25,1,0,0,0,1,0,1,0,131,64
1087.5,0,0,0,0,1,0,1,0,131,64
1090,0,1,0,0,1,0,1,0,131,64
1093.75,1,1,0,0,1,0,1,0,131,64
1100,0,0,0,0,1,0,1,0,131,64
1106.25,1,0,0,0,1,0,1,0,131,64
1110,1,1,0,0,1,0,1,0,131,64
1112.5,0,1,0,0,1,0,1,0,131,64
1118.75,1,1,0,0,1,0,1,0,131,64
1120,1,0,0,1,1,0,1,0,131,64
1125,0,0,0,1,1,0,1,0,131,64
1130,0,1,0,1,1,0,1,0,131,65
1131,0,1,0,0,1,0,1,0,131,65
1131.25,1,1,0,0,1,0,1,0,131,65
1137.5,0,1,0,0,1,0,1,0,131,65
1140,0,0,0,1,1,0,1,0,131,65
1143.75,1,0,0,1,1,0,1,0,131,65
1150,0,1,0,1,1,0,1,0,131,66
1151,0,1,0,0,1,0,1,0,131,66
1156.25,1,1,0,0,0,0,1,0,131,66
1160,1,0,0,1,0,0,1,0,131,66
1162.5,0,0,0,1,0,0,1,0,131,66
1168.75,1,0,0,1,0,0,1,0,131,66
1170,1,1,0,1,0,0,1,0,131,67
1171,1,1,0,0,0,0,1,0,131,67
1175,0,1,0,0,0,0,1,0,131,67
1180,0,0,0,1,0,0,1,0,131,67
1181.25,1,0,0,1,0,0,1,0,131,67
1187.5,0,0,0,1,0,0,1,0,131,67
1190,0,1,0,1,0,0,1,0,131,68
1191,0,1,0,0,0,0,1,0,131,68
1193.75,1,1,0,0,0,0,1,0,131,68
1200,0,0,0,1,0,0,1,0,131,68
1206.25,1,0,0,1,0,0,1,0,131,68
1210,1,1,0,1,0,0,1,0,131,69
1211,1,1,0,0,0,0,1,0,131,69
1212.5,0,1,0,0,0,0,1,0,131,69
1218.75,1,1,0,0,0,0,1,0,131,69
1220,1,0,0,1,0,0,1,0,131,69
1225,0,0,0,1,0,0,1,0,131,69
1230,0,1,0,1,0,0,1,0,131,70
1231,0,1,0,0,0,0,1,0,131,70
1231.25,1,1,0,0,0,0,1,0,131,70
1237.5,0,1,0,0,0,0,1,0,131,70
1240,0,0,0,1,0,0,1,0,131,70
1243.75,1,0,0,1,0,0,1,0,131,70
1250,0,1,0,1,0,0,1,0,131,71
1251,0,1,0,0,0,0,1,0,131,71
1256.25,1,1,0,0,0,0,1,0,131,71
1260,1,0,0,1,0,0,1,0,131,71
1262.5,0,0,0,1,0,0,1,0,131,71
1268.75,1,0,0,1,0,0,1,0,131,71
1270,1,1,0,1,0,0,1,0,131,72
1271,1,1,0,0,0,0,1,0,131,72
1275,0,1,0,0,0,0,1,0,131,72
1280,0,0,0,1,0,0,1,0,131,72
1281.25,1,0,0,1,0,0,1,0,131,72
1287.5,0,0,0,1,0,0,1,0,131,72
1290,0,1,0,1,0,0,1,0,131,73
1291,0,1,0,0,0,0,1,0,131,73
1293.75,1,1,0,0,0,0,1,0,131,73
1300,0,0,0,1,0,0,1,0,131,73
1306.25,1,0,0,1,0,0,1,0,131,73
1310,1,1,0,1,0,0,1,0,131,74
1311,1,1,0,0,0,0,1,0,131,74
1312.5,0,1,0,0,0,0,1,0,131,74
1318.75,1,1,0,0,0,0,1,0,131,74
1320,1,0,0,1,0,0,1,0,131,74
1325,0,0,0,1,0,0,1,0,131,74
1330,0,1,0,1,0,0,1,0,131,75
1331,0,1,0,0,0,0,1,0,131,75
1331.25,1,1,0,0,0,0,1,0,131,75
1337.5,0,1,0,0,0,0,1,0,131,75
1340,0,0,0,1,0,0,1,0,131,75
1343.75,1,0,0,1,0,0,1,0,131,75
1350,0,1,0,1,0,0,1,0,131,76
1351,0,1,0,0,0,0,1,0,131,76
1356.25,1,1,0,0,0,0,1,0,131,76
1360,1,0,0,1,0,0,1,0,131,76
1362.5,0,0,0,1,0,0,1,0,131,76
1368.75,1,0,0,1,0,0,1,0,131,76
1370,1,1,0,1,0,0,1,0,131,77
1371,1,1,0,0,0,0,1,0,131,77
1375,0,1,0,0,0,0,1,0,131,77
1380,0,0,0,1,0,0,1,0,131,77
1381.25,1,0,0,1,0,0,1,0,131,77
1387.5,0,0,0,1,0,0,1,0,131,77
1390,0,1,0,1,0,0,1,0,131,78
1391,0,1,0,0,0,0,1,0,131,78
1393.75,1,1,0,0,0,0,1,0,131,78
1400,0,0,0,1,0,0,1,0,131,78
1406.25,1,0,0,1,0,0,1,0,131,78
1410,1,1,0,1,0,0,1,0,131,79
1411,1,1,0,0,0,0,1,0,131,79
1412.5,0,1,0,0,0,0,1,0,131,79
1418.75,1,1,0,0,0,0,1,0,131,79
1420,1,0,0,1,0,0,1,0,131,79
1425,0,0,0,1,0,0,1,0,131,79
1430,0,1,0,1,0,0,1,0,131,80
1431,0,1,0,0,0,0,1,0,131,80
1431.25,1,1,0,0,0,0,1,0,131,80
1437.5,0,1,0,0,0,0,1,0,131,80
1440,0,0,0,1,0,0,1,0,131,80
1443.75,1,0,0,1,0,0,1,0,131,80
1450,0,1,0,1,0,0,1,0,131,81
1451,0,1,0,0,0,0,1,0,131,81
1456.25,1,1,0,0,0,0,1,0,131,81
1460,1,0,0,1,0,0,1,0,131,81
1462.5,0,0,0,1,0,0,1,0,131,81
1468.75,1,0,0,1,0,0,1,0,131,81
1470,1,1,0,1,0,0,1,0,131,82
1471,1,1,0,0,0,0,1,0,131,82
1475,0,1,0,0,0,0,1,0,131,82
1480,0,0,0,1,0,0,1,0,131,82
1481.25,1,0,0,1,0,0,1,0,131,82
1487.5,0,0,0,1,0,0,1,0,131,82
1490,0,1,0,1,0,0,1,0,131,83
1491,0,1,0,0,0,0,1,0,131,83
1493.75,1,1,0,0,0,0,1,0,131,83
1500,0,0,0,1,0,0,1,0,131,83
1506.25,1,0,0,1,0,0,1,0,131,83
1510,1,1,0,1,0,0,1,0,131,84
1511,1,1,0,0,0,0,1,0,131,84
1512.5,0,1,0,0,0,0,1,0,131,84
1518.75,1,1,0,0,0,0,1,0,131,84
1520,1,0,0,1,0,0,1,0,131,84
1525,0,0,0,1,0,0,1,0,131,84
1530,0,1,0,1,0,0,1,0,131,85
1531,0,1,0,0,0,0,1,0,131,85
1531.25,1,1,0,0,0,0,1,0,131,85
1537.5,0,1,0,0,0,0,1,0,131,85
1540,0,0,0,1,0,0,1,0,131,85
1543.75,1,0,0,1,0,0,1,0,131,85
1550,0,1,0,1,0,0,1,0,131,86
1551,0,1,0,0,0,0,1,0,131,86
1556.25,1,1,0,0,0,0,1,0,131,86
1560,1,0,0,1,0,0,1,0,131,86
1562.5,0,0,0,1,0,0,1,0,131,86
1568.75,1,0,0,1,0,0,1,0,131,86
1570,1,1,0,1,0,0,1,0,131,87
1571,1,1,0,0,0,0,1,0,131,87
1575,0,1,0,0,0,0,1,0,131,87
1580,0,0,0,1,0,0,1,0,131,87
1581.25,1,0,0,1,0,0,1,0,131,87
1587.5,0,0,0,1,0,0,1,0,131,87
1590,0,1,0,1,0,0,1,0,131,88
1591,0,1,0,0,0,0,1,0,131,88
1593.75,1,1,0,0,0,0,1,0,131,88
1600,0,0,0,1,0,0,1,0,131,88
1606.25,1,0,0,1,0,0,1,0,131,88
1610,1,1,0,1,0,0,1,0,131,89
1611,1,1,0,0,0,0,1,0,131,89
1612.5,0,1,0,0,0,0,1,0,131,89
1618.75,1,1,0,0,0,0,1,0,131,89
1620,1,0,0,1,0,0,1,0,131,89
1625,0,0,0,1,0,0,1,0,131,89
1630,0,1,0,1,0,0,1,0,131,90
1631,0,1,0,0,0,0,1,0,131,90
1631.25,1,1,0,0,0,0,1,0,131,90
1637.5,0,1,0,0,0,0,1,0,131,90
1640,0,0,0,1,0,0,1,0,131,90
1643.75,1,0,0,1,0,0,1,0,131,90
1650,0,1,0,1,0,0,1,0,131,91
1651,0,1,0,0,0,0,1,0,131,91
1656.25,1,1,0,0,0,0,1,0,131,91
1660,1,0,0,1,0,0,1,0,131,91
1662.5,0,0,0,1,0,0,1,0,131,91
1668.75,1,0,0,1,0,0,1,0,131,91
1670,1,1,0,1,0,0,1,0,131,92
1671,1,1,0,0,0,0,1,0,131,92
1675,0,1,0,0,0,0,1,0,131,92
1680,0,0,0,1,0,0,1,0,131,92
1681.25,1,0,0,1,0,0,1,0,131,92
1687.5,0,0,0,1,0,0,1,0,131,92
1690,0,1,0,1,0,0,1,0,131,93
1691,0,1,0,0,0,0,1,0,131,93
1693.75,1,1,0,0,0,0,1,0,131,93
1700,0,0,0,1,0,0,1,0,131,93
1706.25,1,0,0,1,0,0,1,0,131,93
1710,1,1,0,1,0,0,1,0,131,94
1711,1,1,0,0,0,0,1,0,131,94
1712.5,0,1,0,0,0,0,1,0,131,94
1718.75,1,1,0,0,0,0,1,0,131,94
1720,1,0,0,1,0,0,1,0,131,94
1725,0,0,0,1,0,0,1,0,131,94
1730,0,1,0,1,0,0,1,0,131,95
1731,0,1,0,0,0,0,1,0,131,95
1731.25,1,1,0,0,0,0,1,0,131,95
1737.5,0,1,0,0,0,0,1,0,131,95
1740,0,0,0,1,0,0,1,0,131,95
1743.75,1,0,0,1,0,0,1,0,131,95
1750,0,1,0,1,0,0,1,1,131,96
1751,0,1,0,0,0,0,1,1,131,96
1756.25,1,1,0,0,0,0,1,1,131,96
1760,1,0,0,0,0,0,1,1,131,96
1762.5,0,0,0,0,0,0,1,1,131,96
1768.75,1,0,0,0,0,0,1,1,131,96
1770,1,1,0,0,0,0,1,1,131,96
1775,0,1,0,0,0,0,1,1,131,96
1780,0,0,0,0,0,0,1,1,131,96
1781.25,1,0,0,0,0,0,1,1,131,96
1787.5,0,0,0,0,0,0,1,1,131,96
1790,0,1,0,0,0,0,1,1,131,96
1793.75,1,1,0,0,0,0,1,1,131,96
1800,0,0,0,0,0,0,1,1,131,96
1806.25,1,0,0,0,0,0,1,1,131,96
1810,1,1,0,0,0,0,1,1,131,96
1812.5,0,1,0,0,0,0,1,1,131,96
1818.75,1,1,0,0,0,0,1,1,131,96
1820,1,0,0,0,0,0,1,1,131,96
1825,0,0,1,0,0,0,1,1,160,96
1830,0,1,1,0,0,0,1,1,160,96
1831.25,1,1,1,0,0,0,1,1,160,96
1832.25,1,1,0,0,0,0,1,1,160,96
1837.5,0,1,1,0,0,0,1,1,161,96
1840,0,0,1,0,0,0,1,1,161,96
1843.75,1,0,1,0,0,0,1,1,161,96
1844.75,1,0,0,0,0,0,1,1,161,96
1850,0,1,1,0,0,0,1,1,162,96
1856.25,1,1,1,0,0,0,1,1,162,96
1857.25,1,1,0,0,0,0,1,1,162,96
1860,1,0,0,0,0,0,1,1,162,96
1862.5,0,0,1,0,0,0,1,1,163,96
1868.75,1,0,1,0,0,0,1,1,163,96
1869.75,1,0,0,0,0,0,1,1,163,96
1870,1,1,0,0,0,0,1,1,163,96
1875,0,1,1,0,0,0,1,1,164,96
1880,0,0,1,0,0,0,1,1,164,96
1881.25,1,0,1,0,0,0,1,1,164,96
1882.25,1,0,0,0,0,0,1,1,164,96
1887.5,0,0,1,0,0,0,1,1,165,96
1890,0,1,1,0,0,0,1,0,165,96
1893.75,1,1,1,0,0,0,1,0,165,96
1894.75,1,1,0,0,0,0,1,0,165,96
1900,0,0,1,0,0,0,1,0,166,96
1906.25,1,0,1,0,0,0,1,0,166,96
1907.25,1,0,0,0,0,0,1,0,166,96
1910,1,1,0,0,0,0,1,0,166,96
1912.5,0,1,1,0,0,0,1,0,167,96
1918.75,1,1,1,0,0,0,1,0,167,96
1919.75,1,1,0,0,0,0,1,0,167,96
1920,1,0,0,0,0,0,1,0,167,96
1925,0,0,1,0,0,0,1,0,168,96
1930,0,1,1,0,0,0,1,0,168,96
1931.25,1,1,1,0,0,0,1,0,168,96
1932.25,1,1,0,0,0,0,1,0,168,96
1937.5,0,1,1,0,0,0,1,0,169,96
1940,0,0,1,0,0,0,1,0,169,96
1943.75,1,0,1,0,0,0,1,0,169,96
1944.75,1,0,0,0,0,0,1,0,169,96
1950,0,1,1,0,0,0,1,0,170,96
1956.25,1,1,1,0,0,0,1,0,170,96
1957.25,1,1,0,0,0,0,1,0,170,96
1960,1,0,0,0,0,0,1,0,170,96
1962.5,0,0,1,0,0,0,1,0,171,96
1968.75,1,0,1,0,0,0,1,0,171,96
1969.75,1,0,0,0,0,0,1,0,171,96
1970,1,1,0,0,0,0,1,0,171,96
1975,0,1,1,0,0,0,1,0,172,96
1980,0,0,1,0,0,0,1,0,172,96
1981.25,1,0,1,0,0,0,1,0,172,96
1982.25,1,0,0,0,0,0,1,0,172,96
1987.5,0,0,1,0,0,0,1,0,173,96
1990,0,1,1,0,0,0,1,0,173,96
1993.75,1,1,1,0,0,0,1,0,173,96
1994.75,1,1,0,0,0,0,1,0,173,96
2000,0,0,1,0,0,0,1,0,174,96
2006.25,1,0,1,0,0,0,1,0,174,96
2007.25,1,0,0,0,0,0,1,0,174,96
2010,1,1,0,0,0,0,1,0,174,96
2012.5,0,1,1,0,0,0,1,0,175,96
2018.75,1,1,1,0,0,0,1,0,175,96
2019.75,1,1,0,0,0,0,1,0,175,96
2020,1,0,0,0,0,0,1,0,175,96
2025,0,0,1,0,0,0,1,0,176,96
2030,0,1,1,0,0,0,1,0,176,96
2031.25,1,1,1,0,0,0,1,0,176,96
2032.25,1,1,0,0,0,0,1,0,176,96
2037.5,0,1,1,0,0,0,1,0,177,96
2040,0,0,1,0,0,0,1,0,177,96
2043.75,1,0,1,0,0,0,1,0,177,96
2044.75,1,0,0,0,0,0,1,0,177,96
2050,0,1,1,0,0,0,1,0,178,96
2056.25,1,1,1,0,0,0,1,0,178,96
2057.25,1,1,0,0,0,0,1,0,178,96
2060,1,0,0,0,0,0,1,0,178,96
2062.5,0,0,1,0,0,0,1,0,179,96
2068.75,1,0,1,0,0,0,1,0,179,96
2069.75,1,0,0,0,0,0,1,0,179,96
2070,1,1,0,0,0,0,1,0,179,96
2075,0,1,1,0,0,0,1,0,180,96
2080,0,0,1,0,0,0,1,0,180,96
2081.25,1,0,1,0,0,0,1,0,180,96
2082.25,1,0,0,0,0,0,1,0,180,96
2087.5,0,0,1,0,0,0,1,0,181,96
2090,0,1,1,0,0,0,1,0,181,96
2093.75,1,1,1,0,0,0,1,0,181,96
2094.75,1,1,0,0,0,0,1,0,181,96
2100,0,0,1,0,0,0,1,0,182,96
2106.25,1,0,1,0,0,0,1,0,182,96
2107.25,1,0,0,0,0,0,1,0,182,96
2110,1,1,0,0,0,0,1,0,182,96
2112.5,0,1,1,0,0,0,1,0,183,96
2118.75,1,1,1,0,0,0,1,0,183,96
2119.75,1,1,0,0,0,0,1,0,183,96
2120,1,0,0,0,0,0,1,0,183,96
2125,0,0,1,0,0,0,1,0,184,96
2130,0,1,1,0,0,0,1,0,184,96
2131.25,1,1,1,0,0,0,1,0,184,96
2132.25,1,1,0,0,0,0,1,0,184,96
2137.5,0,1,1,0,0,0,1,0,185,96
2140,0,0,1,0,0,0,1,0,185,96
2143.75,1,0,1,0,0,0,1,0,185,96
2144.75,1,0,0,0,0,0,1,0,185,96
2150,0,1,1,0,0,0,1,0,186,96
2156.25,1,1,1,0,0,0,1,0,186,96
2157.25,1,1,0,0,0,0,1,0,186,96
2160,1,0,0,0,0,0,1,0,186,96
2162.5,0,0,1,0,0,0,1,0,187,96
2168.75,1,0,1,0,0,0,1,0,187,96
2169.75,1,0,0,0,0,0,1,0,187,96
2170,1,1,0,0,0,0,1,0,187,96
2175,0,1,1,0,0,0,1,0,188,96
2180,0,0,1,0,0,0,1,0,188,96
2181.25,1,0,1,0,0,0,1,0,188,96
2182.25,1,0,0,0,0,0,1,0,188,96
2187.5,0,0,1,0,0,0,1,0,189,96
2190,0,1,1,0,0,0,1,0,189,96
2193.75,1,1,1,0,0,0,1,0,189,96
2194.75,1,1,0,0,0,0,1,0,189,96
2200,0,0,1,0,0,0,1,0,190,96
2206.25,1,0,1,0,0,0,1,0,190,96
2207.25,1,0,0,0,0,0,1,0,190,96
2210,1,1,0,0,0,0,1,0,190,96
2212.5,0,1,1,0,0,0,1,0,191,96
2218.75,1,1,1,0,1,0,1,0,191,96
2219.75,1,1,0,0,1,0,1,0,191,96
2220,1,0,0,0,1,0,1,0,191,96
2225,0,0,0,0,1,0,1,0,191,96
2230,0,1,0,0,1,0,1,0,191,96
2231.25,1,1,0,0,1,0,1,0,191,96
2237.5,0,1,0,0,1,0,1,0,191,96
2240,0,0,0,0,1,0,1,0,191,96
2243.75,1,0,0,0,1,0,1,0,191,96
2250,0,1,0,0,1,0,1,0,191,96
2256.25,1,1,0,0,1,0,1,0,191,96
2260,1,0,0,1,1,0,1,0,191,96
2262.5,0,0,0,1,1,0,1,0,191,96
2268.75,1,0,0,1,1,0,1,0,191,96
2270,1,1,0,1,1,0,1,0,191,97
2271,1,1,0,0,1,0,1,0,191,97
2275,0,1,0,0,1,0,1,0,191,97
2280,0,0,0,1,1,0,1,0,191,97
2281.25,1,0,0,1,1,0,1,0,191,97
2287.5,0,0,0,1,1,0,1,0,191,97
2290,0,1,0,1,1,0,1,0,191,98
2291,0,1,0,0,1,0,1,0,191,98
2293.75,1,1,0,0,1,0,1,0,191,98
2300,0,0,0,1,1,0,1,0,191,98
2306.25,1,0,0,1,0,0,1,0,191,98
2310,1,1,0,1,0,0,1,0,191,99
2311,1,1,0,0,0,0,1,0,191,99
2312.5,0,1,0,0,0,0,1,0,191,99
2318.75,1,1,0,0,0,0,1,0,191,99
2320,1,0,0,1,0,0,1,0,191,99
2325,0,0,0,1,0,0,1,0,191,99
2330,0,1,0,1,0,0,1,0,191,100
2331,0,1,0,0,0,0,1,0,191,100
2331.25,1,1,0,0,0,0,1,0,191,100
2337.5,0,1,0,0,0,0,1,0,191,100
2340,0,0,0,1,0,0,1,0,191,100
2343.75,1,0,0,1,0,0,1,0,191,100
2350,0,1,0,1,0,0,1,0,191,101
2351,0,1,0,0,0,0,1,0,191,101
2356.25,1,1,0,0,0,0,1,0,191,101
2360,1,0,0,1,0,0,1,0,191,101
2362.5,0,0,0,1,0,0,1,0,191,101
2368.75,1,0,0,1,0,0,1,0,191,101
2370,1,1,0,1,0,0,1,0,191,102
2371,1,1,0,0,0,0,1,0,191,102
2375,0,1,0,0,0,0,1,0,191,102
2380,0,0,0,1,0,0,1,0,191,102
2381.25,1,0,0,1,0,0,1,0,191,102
2387.5,0,0,0,1,0,0,1,0,191,102
2390,0,1,0,1,0,0,1,0,191,103
2391,0,1,0,0,0,0,1,0,191,103
2393.75,1,1,0,0,0,0,1,0,191,103
2400,0,0,0,1,0,0,1,0,191,103
2406.25,1,0,0,1,0,0,1,0,191,103
2410,1,1,0,1,0,0,1,0,191,104
2411,1,1,0,0,0,0,1,0,191,104
2412.5,0,1,0,0,0,0,1,0,191,104
2418.75,1,1,0,0,0,0,1,0,191,104
2420,1,0,0,1,0,0,1,0,191,104
2425,0,0,0,1,0,0,1,0,191,104
2430,0,1,0,1,0,0,1,0,191,105
2431,0,1,0,0,0,0,1,0,191,105
2431.25,1,1,0,0,0,0,1,0,191,105
2437.5,0,1,0,0,0,0,1,0,191,105
2440,0,0,0,1,0,0,1,0,191,105
2443.75,1,0,0,1,0,0,1,0,191,105
2450,0,1,0,1,0,0,1,0,191,106
2451,0,1,0,0,0,0,1,0,191,106
2456.25,1,1,0,0,0,0,1,0,191,106
2460,1,0,0,1,0,0,1,0,191,106
2462.5,0,0,0,1,0,0,1,0,191,106
2468.75,1,0,0,1,0,0,1,0,191,106
2470,1,1,0,1,0,0,1,0,191,107
2471,1,1,0,0,0,0,1,0,191,107
2475,0,1,0,0,0,0,1,0,191,107
2480,0,0,0,1,0,0,1,0,191,107
2481.25,1,0,0,1,0,0,1,0,191,107
2487.5,0,0,0,1,0,0,1,0,191,107
2490,0,1,0,1,0,0,1,0,191,108
2491,0,1,0,0,0,0,1,0,191,108
2493.75,1,1,0,0,0,0,1,0,191,108
2500,0,0,0,1,0,0,1,0,191,108
2506.25,1,0,0,1,0,0,1,0,191,108
2510,1,1,0,1,0,0,1,0,191,109
2511,1,1,0,0,0,0,1,0,191,109
2512.5,0,1,0,0,0,0,1,0,191,109
2518.75,1,1,0,0,0,0,1,0,191,109
2520,1,0,0,1,0,0,1,0,191,109
2525,0,0,0,1,0,0,1,0,191,109
2530,0,1,0,1,0,0,1,0,191,110
2531,0,1,0,0,0,0,1,0,191,110
2531.25,1,1,0,0,0,0,1,0,191,110
2537.5,0,1,0,0,0,0,1,0,191,110
2540,0,0,0,1,0,0,1,0,191,110
2543.75,1,0,0,1,0,0,1,0,191,110
2550,0,1,0,1,0,0,1,0,191,111
2551,0,1,0,0,0,0,1,0,191,111
2556.25,1,1,0,0,0,0,1,0,191,111
2560,1,0,0,1,0,0,1,0,191,111
2562.5,0,0,0,1,0,0,1,0,191,111
2568.75,1,0,0,1,0,0,1,0,191,111
2570,1,1,0,1,0,0,1,0,191,112
2571,1,1,0,0,0,0,1,0,191,112
2575,0,1,0,0,0,0,1,0,191,112
2580,0,0,0,1,0,0,1,0,191,112
2581.25,1,0,0,1,0,0,1,0,191,112
2587.5,0,0,0,1,0,0,1,0,191,112
2590,0,1,0,1,0,0,1,0,191,113
2591,0,1,0,0,0,0,1,0,191,113
2593.75,1,1,0,0,0,0,1,0,191,113
2600,0,0,0,1,0,0,1,0,191,113
2606.25,1,0,0,1,0,0,1,0,191,113
2610,1,1,0,1,0,0,1,0,191,114
2611,1,1,0,0,0,0,1,0,191,114
2612.5,0,1,0,0,0,0,1,0,191,114
2618.75,1,1,0,0,0,0,1,0,191,114
2620,1,0,0,1,0,0,1,0,191,114
2625,0,0,0,1,0,0,1,0,191,114
2630,0,1,0,1,0,0,1,0,191,115
2631,0,1,0,0,0,0,1,0,191,115
2631.25,1,1,0,0,0,0,1,0,191,115
2637.5,0,1,0,0,0,0,1,0,191,115
2640,0,0,0,1,0,0,1,0,191,115
2643.75,1,0,0,1,0,0,1,0,191,115
2650,0,1,0,1,0,0,1,0,191,116
2651,0,1,0,0,0,0,1,0,191,116
2656.25,1,1,0,0,0,0,1,0,191,116
2660,1,0,0,1,0,0,1,0,191,116
2662.5,0,0,0,1,0,0,1,0,191,116
2668.75,1,0,0,1,0,0,1,0,191,116
2670,1,1,0,1,0,0,1,0,191,117
2671,1,1,0,0,0,0,1,0,191,117
2675,0,1,0,0,0,0,1,0,191,117
2680,0,0,0,1,0,0,1,0,191,117
2681.25,1,0,0,1,0,0,1,0,191,117
2687.5,0,0,0,1,0,0,1,0,191,117
2690,0,1,0,1,0,0,1,0,191,118
2691,0,1,0,0,0,0,1,0,191,118
2693.75,1,1,0,0,0,0,1,0,191,118
2700,0,0,0,1,0,0,1,0,191,118
2706.25,1,0,0,1,0,0,1,0,191,118
2710,1,1,0,1,0,0,1,0,191,119
2711,1,1,0,0,0,0,1,0,191,119
2712.5,0,1,0,0,0,0,1,0,191,119
2718.75,1,1,0,0,0,0,1,0,191,119
2720,1,0,0,1,0,0,1,0,191,119
2725,0,0,0,1,0,0,1,0,191,119
2730,0,1,0,1,0,0,1,0,191,120
2731,0,1,0,0,0,0,1,0,191,120
2731.25,1,1,0,0,0,0,1,0,191,120
2737.5,0,1,0,0,0,0,1,0,191,120
2740,0,0,0,1,0,0,1,0,191,120
2743.75,1,0,0,1,0,0,1,0,191,120
2750,0,1,0,1,0,0,1,0,191,121
2751,0,1,0,0,0,0,1,0,191,121
2756.25,1,1,0,0,0,0,1,0,191,121
2760,1,0,0,1,0,0,1,0,191,121
2762.5,0,0,0,1,0,0,1,0,191,121
2768.75,1,0,0,1,0,0,1,0,191,121
2770,1,1,0,1,0,0,1,0,191,122
2771,1,1,0,0,0,0,1,0,191,122
2775,0,1,0,0,0,0,1,0,191,122
2780,0,0,0,1,0,0,1,0,191,122
2781.25,1,0,0,1,0,0,1,0,191,122
2787.5,0,0,0,1,0,0,1,0,191,122
2790,0,1,0,1,0,0,1,0,191,123
2791,0,1,0,0,0,0,1,0,191,123
2793.75,1,1,0,0,0,0,1,0,191,123
2800,0,0,0,1,0,0,1,0,191,123
2806.25,1,0,0,1,0,0,1,0,191,123
2810,1,1,0,1,0,0,1,0,191,124
2811,1,1,0,0,0,0,1,0,191,124
2812.5,0,1,0,0,0,0,1,0,191,124
2818.75,1,1,0,0,0,0,1,0,191,124
2820,1,0,0,1,0,0,1,0,191,124
2825,0,0,0,1,0,0,1,0,191,124
2830,0,1,0,1,0,0,1,0,191,125
2831,0,1,0,0,0,0,1,0,191,125
2831.25,1,1,0,0,0,0,1,0,191,125
2837.5,0,1,0,0,0,0,1,0,191,125
2840,0,0,0,1,0,0,1,0,191,125
2843.75,1,0,0,1,0,0,1,0,191,125
2850,0,1,0,1,0,0,1,0,191,126
2851,0,1,0,0,0,0,1,0,191,126
2856.25,1,1,0,0,0,0,1,0,191,126
2860,1,0,0,1,0,0,1,0,191,126
2862.5,0,0,0,1,0,0,1,0,191,126
2868.75,1,0,0,1,0,0,1,0,191,126
2870,1,1,0,1,0,0,1,0,191,127
2871,1,1,0,0,0,0,1,0,191,127
2875,0,1,0,0,0,0,1,0,191,127
2880,0,0,0,1,0,0,1,0,191,127
2881.25,1,0,0,1,0,0,1,0,191,127
2887.5,0,0,0,1,0,0,1,0,191,127
2890,0,1,0,1,0,0,1,1,191,160
2891,0,1,0,0,0,0,1,1,191,160
2893.75,1,1,0,0,0,0,1,1,191,160
2900,0,0,0,1,0,0,1,1,191,160
2906.25,1,0,0,1,0,0,1,1,191,160
2910,1,1,0,1,0,0,1,1,191,161
2911,1,1,0,0,0,0,1,1,191,161
2912.5,0,1,0,0,0,0,1,1,191,161
2918.75,1,1,0,0,0,0,1,1,191,161
2920,1,0,0,1,0,0,1,1,191,161
2925,0,0,0,1,0,0,1,1,191,161
2930,0,1,0,1,0,0,1,1,191,162
2931,0,1,0,0,0,0,1,1,191,162
2931.25,1,1,0,0,0,0,1,1,191,162
2937.5,0,1,0,0,0,0,1,1,191,162
2940,0,0,0,1,0,0,1,1,191,162
2943.75,1,0,0,1,0,0,0,1,191,162
2950,0,1,0,1,0,0,0,1,191,163
2951,0,1,0,0,0,0,0,1,191,163
2956.25,1,1,0,0,0,0,0,1,191,163
2960,1,0,0,1,0,0,0,1,191,163
2962.5,0,0,0,1,0,0,0,1,191,163
2968.75,1,0,0,1,0,0,0,1,191,163
2970,1,1,0,1,0,0,0,1,191,164
2971,1,1,0,0,0,0,0,1,191,164
2975,0,1,0,0,0,0,0,1,191,164
2980,0,0,0,1,0,0,0,1,191,164
2981.25,1,0,0,1,0,0,0,1,191,164
2987.5,0,0,0,1,0,0,0,1,191,164
2990,0,1,0,1,0,0,0,1,191,165
2991,0,1,0,0,0,0,0,1,191,165
2993.75,1,1,0,0,0,0,0,1,191,165
3000,0,0,0,1,0,0,0,1,191,165
3006.25,1,0,0,1,0,0,0,1,191,165
3010,1,1,0,1,0,0,0,1,191,166
3011,1,1,0,0,0,0,0,1,191,166
3012.5,0,1,0,0,0,0,0,1,191,166
3018.75,1,1,0,0,0,0,0,1,191,166
3020,1,0,0,1,0,0,0,1,191,166
3025,0,0,0,1,0,0,0,1,191,166
3030,0,1,0,1,0,0,0,1,191,167
3031,0,1,0,0,0,0,0,1,191,167
3031.25,1,1,0,0,0,0,0,1,191,167
3037.5,0,1,0,0,0,0,0,1,191,167
3040,0,0,0,1,0,0,0,1,191,167
3043.75,1,0,0,1,0,0,0,1,191,167
3050,0,1,0,1,0,0,0,1,191,168
3051,0,1,0,0,0,0,0,1,191,168
3056.25,1,1,0,0,0,0,0,1,191,168
3060,1,0,0,1,0,0,0,1,191,168
3062.5,0,0,0,1,0,0,0,1,191,168
3068.75,1,0,0,1,0,0,0,1,191,168
3070,1,1,0,1,0,0,0,1,191,169
3071,1,1,0,0,0,0,0,1,191,169
3075,0,1,0,0,0,0,0,1,191,169
3080,0,0,0,1,0,0,0,1,191,169
3081.25,1,0,0,1,0,0,0,1,191,169
3087.5,0,0,0,1,0,0,0,1,191,169
3090,0,1,0,1,0,0,0,1,191,170
3091,0,1,0,0,0,0,0,1,191,170
3093.75,1,1,0,0,0,0,0,1,191,170
3100,0,0,0,1,0,0,0,1,191,170
3106.25,1,0,0,1,0,0,0,1,191,170
3110,1,1,0,1,0,0,0,1,191,171
3111,1,1,0,0,0,0,0,1,191,171
3112.5,0,1,0,0,0,0,0,1,191,171
3118.75,1,1,0,0,0,0,0,1,191,171
3120,1,0,0,1,0,0,0,1,191,171
3125,0,0,0,1,0,0,0,1,191,171
3130,0,1,0,1,0,0,0,1,191,172
3131,0,1,0,0,0,0,0,1,191,172
3131.25,1,1,0,0,0,0,0,1,191,172
3137.5,0,1,0,0,0,0,0,1,191,172
3140,0,0,0,1,0,0,0,1,191,172
3143.75,1,0,0,1,0,0,0,1,191,172
3150,0,1,0,1,0,0,0,1,191,173
3151,0,1,0,0,0,0,0,1,191,173
3156.25,1,1,0,0,0,0,0,1,191,173
3160,1,0,0,1,0,0,0,1,191,173
3162.5,0,0,0,1,0,0,0,1,191,173
3168.75,1,0,0,1,0,0,0,1,191,173
3170,1,1,0,1,0,0,0,1,191,174
3171,1,1,0,0,0,0,0,1,191,174
3175,0,1,0,0,0,0,0,1,191,174
3180,0,0,0,1,0,0,0,1,191,174
3181.25,1,0,0,1,0,0,0,1,191,174
3187.5,0,0,0,1,0,0,0,1,191,174
3190,0,1,0,1,0,0,0,1,191,175
3191,0,1,0,0,0,0,0,1,191,175
3193.75,1,1,0,0,0,0,0,1,191,175
3200,0,0,0,1,0,0,0,1,191,175
3206.25,1,0,0,1,0,0,0,1,191,175
3210,1,1,0,1,0,0,0,1,191,176
3211,1,1,0,0,0,0,0,1,191,176
3212.5,0,1,0,0,0,0,0,1,191,176
3218.75,1,1,0,0,0,0,0,1,191,176
3220,1,0,0,1,0,0,0,1,191,176
3225,0,0,0,1,0,0,0,1,191,176
3230,0,1,0,1,0,0,0,1,191,177
3231,0,1,0,0,0,0,0,1,191,177
3231.25,1,1,0,0,0,0,0,1,191,177
3237.5,0,1,0,0,0,0,0,1,191,177
3240,0,0,0,1,0,0,0,1,191,177
3243.75,1,0,0,1,0,0,0,1,191,177
3250,0,1,0,1,0,0,0,1,191,178
3251,0,1,0,0,0,0,0,1,191,178
3256.25,1,1,0,0,0,0,0,1,191,178
3260,1,0,0,1,0,0,0,1,191,178
3262.5,0,0,0,1,0,0,0,1,191,178
3268.75,1,0,0,1,0,0,0,1,191,178
3270,1,1,0,1,0,0,0,1,191,179
3271,1,1,0,0,0,0,0,1,191,179
3275,0,1,0,0,0,0,0,1,191,179
3280,0,0,0,1,0,0,0,1,191,179
3281.25,1,0,0,1,0,0,0,1,191,179
3287.5,0,0,0,1,0,0,0,1,191,179
3290,0,1,0,1,0,0,0,1,191,180
3291,0,1,0,0,0,0,0,1,191,180
3293.75,1,1,0,0,0,0,0,1,191,180
3300,0,0,0,1,0,0,0,1,191,180
3306.25,1,0,0,1,0,0,0,1,191,180
3310,1,1,0,1,0,0,0,1,191,181
3311,1,1,0,0,0,0,0,1,191,181
3312.5,0,1,0,0,0,0,0,1,191,181
3318.75,1,1,0,0,0,0,0,1,191,181
3320,1,0,0,1,0,0,0,1,191,181
3325,0,0,0,1,0,0,0,1,191,181
3330,0,1,0,1,0,0,0,1,191,182
3331,0,1,0,0,0,0,0,1,191,182
3331.25,1,1,0,0,0,0,0,1,191,182
3337.5,0,1,0,0,0,0,0,1,191,182
3340,0,0,0,1,0,0,0,1,191,182
3343.75,1,0,0,1,0,0,0,1,191,182
3350,0,1,0,1,0,0,0,1,191,183
3351,0,1,0,0,0,0,0,1,191,183
3356.25,1,1,0,0,0,0,0,1,191,183
3360,1,0,0,1,0,0,0,1,191,183
3362.5,0,0,0,1,0,0,0,1,191,183
3368.75,1,0,0,1,0,0,0,1,191,183
3370,1,1,0,1,0,0,0,1,191,184
3371,1,1,0,0,0,0,0,1,191,184
3375,0,1,0,0,0,0,0,1,191,184
3380,0,0,0,1,0,0,0,1,191,184
3381.25,1,0,0,1,0,0,0,1,191,184
3387.5,0,0,0,1,0,0,0,1,191,184
3390,0,1,0,1,0,0,0,1,191,185
3391,0,1,0,0,0,0,0,1,191,185
3393.75,1,1,0,0,0,0,0,1,191,185
3400,0,0,0,1,0,0,0,1,191,185
3406.25,1,0,0,1,0,0,0,1,191,185
3410,1,1,0,1,0,0,0,1,191,186
3411,1,1,0,0,0,0,0,1,191,186
3412.5,0,1,0,0,0,0,0,1,191,186
3418.75,1,1,0,0,0,0,0,1,191,186
3420,1,0,0,1,0,0,0,1,191,186
3425,0,0,0,1,0,0,0,1,191,186
3430,0,1,0,1,0,0,0,1,191,187
3431,0,1,0,0,0,0,0,1,191,187
3431.25,1,1,0,0,0,0,0,1,191,187
3437.5,0,1,0,0,0,0,0,1,191,187
3440,0,0,0,1,0,0,0,1,191,187
3443.75,1,0,0,1,0,0,0,1,191,187
3450,0,1,0,1,0,0,0,1,191,188
3451,0,1,0,0,0,0,0,1,191,188
3456.25,1,1,0,0,0,0,0,1,191,188
3460,1,0,0,1,0,0,0,1,191,188
3462.5,0,0,0,1,0,0,0,1,191,188
3468.75,1,0,0,1,0,0,0,1,191,188
3470,1,1,0,1,0,0,0,1,191,189
3471,1,1,0,0,0,0,0,1,191,189
3475,0,1,0,0,0,0,0,1,191,189
3480,0,0,0,1,0,0,0,1,191,189
3481.25,1,0,0,1,0,0,0,1,191,189
3487.5,0,0,0,1,0,0,0,1,191,189
3490,0,1,0,1,0,0,0,1,191,190
3491,0,1,0,0,0,0,0,1,191,190
3493.75,1,1,0,0,0,0,0,1,191,190
3500,0,0,0,1,0,0,0,1,191,190
3506.25,1,0,0,1,0,0,0,1,191,190
3510,1,1,0,1,0,0,0,1,191,191
3511,1,1,0,0,0,0,0,1,191,191
3512.5,0,1,0,0,0,0,0,1,191,191
3518.75,1,1,0,0,0,0,0,1,191,191
3520,1,0,0,1,0,0,0,1,191,191
3525,0,0,0,1,0,0,0,1,191,191
3530,0,1,0,1,0,1,0,1,191,96
3531,0,1,0,0,0,1,0,1,191,96
3531.25,1,1,0,0,0,1,0,1,191,96
3537.5,0,1,0,0,0,1,0,1,191,96
3540,0,0,0,1,0,1,0,1,191,96
3543.75,1,0,0,1,0,1,0,1,191,96
3550,0,1,0,1,0,1,0,1,191,96
3551,0,1,0,0,0,1,0,1,191,96
